id,name,company,created_at,updated_at
2,WF ワイドコンバージョンレンズUWL-24M52MG,Nauticam,2025-09-23T06:07:35.071856+00:00,2025-09-23T06:07:35.071856+00:00
3,ワイドコンバージョンレンズUWL-95S XD,INON,2025-09-23T06:07:35.071856+00:00,2025-09-23T06:07:35.071856+00:00
4,ワイドコンバージョンレンズUWL-95S M52,INON,2025-09-23T06:07:35.071856+00:00,2025-09-23T06:07:35.071856+00:00
5,UCL-05L,AOI,2025-09-23T06:07:35.071856+00:00,2025-09-23T06:07:35.071856+00:00
6,UCL-06L,AOI,2025-09-23T06:07:35.071856+00:00,2025-09-23T06:07:35.071856+00:00
7,UCL-09PRO,AOI,2025-09-23T06:07:35.071856+00:00,2025-09-23T06:07:35.071856+00:00
8,UCL-90PRO,AOI,2025-09-23T06:07:35.071856+00:00,2025-09-23T06:07:35.071856+00:00
9,UCL-900PRO,AOI,2025-09-23T06:07:35.071856+00:00,2025-09-23T06:07:35.071856+00:00
10,UWL-09,AOI,2025-09-23T06:07:35.071856+00:00,2025-09-23T06:07:35.071856+00:00
11,UWL-09 PRO,AOI,2025-09-23T06:07:35.071856+00:00,2025-09-23T06:07:35.071856+00:00
12,NA ミットレンジフォーカスオプティマイザー MFO-3,Nauticam,2025-09-28T08:39:23.32193+00:00,2025-09-28T08:39:23.32193+00:00
13,NA スーパーマクロコンバージョンレンズ SMC-3,Nauticam,2025-09-28T08:39:23.32193+00:00,2025-09-28T08:39:23.32193+00:00
14,NA ミッドレンジ フォーカス オプティマイザー MFO-1,Nauticam,2025-09-28T08:39:23.32193+00:00,2025-09-28T08:39:23.32193+00:00
15,NA スーパーマクロコンバージョンレンズ SMC-2,Nauticam,2025-09-28T08:39:23.32193+00:00,2025-09-28T08:39:23.32193+00:00
16,NA コンパクトマクロコンバージョンレンズ CMC-2,Nauticam,2025-09-28T08:39:23.32193+00:00,2025-09-28T08:39:23.32193+00:00
17,NA コンパクトマクロコンバージョンレンズ CMC-1,Nauticam,2025-09-28T08:39:23.32193+00:00,2025-09-28T08:39:23.32193+00:00
18,WF マクロコンバージョンレンズ WFL03 +12,Nauticam,2025-09-28T08:39:23.32193+00:00,2025-09-28T08:39:23.32193+00:00
19,マクロメイト M52/M67,Nauticam,2025-09-28T08:39:23.32193+00:00,2025-09-28T08:39:23.32193+00:00
20,NA ワイドコンバージョンレンズ WWL-1B,Nauticam,2025-09-28T08:39:23.32193+00:00,2025-09-28T08:39:23.32193+00:00
21,NA Macro ワイドコンバージョンレンズ EMWL,Nauticam,2025-09-28T08:39:23.32193+00:00,2025-09-28T08:39:23.32193+00:00
22,NA ワイドコンバージョンレンズ WWL-C,Nauticam,2025-09-28T08:39:23.32193+00:00,2025-09-28T08:39:23.32193+00:00
23,NA Macro ワイドコンバージョンレンズ MWL-1,Nauticam,2025-09-28T08:39:23.32193+00:00,2025-09-28T08:39:23.32193+00:00
24,WF ワイドエアレンズ WFL12M67,Nauticam,2025-09-28T08:39:23.32193+00:00,2025-09-28T08:39:23.32193+00:00
25,WF ワイドエアレンズ WFL11M52,Nauticam,2025-09-28T08:39:23.32193+00:00,2025-09-28T08:39:23.32193+00:00
26,WF ワイドコンバージョンレンズ WFL07 Cell,Nauticam,2025-09-28T08:39:23.32193+00:00,2025-09-28T08:39:23.32193+00:00
27,WF ワイドコンバージョンレンズ UWL-24M52MG,Nauticam,2025-09-28T08:39:23.32193+00:00,2025-09-28T08:39:23.32193+00:00
28,WF ワイドコンバージョンレンズ UWL-24M52R,Nauticam,2025-09-28T08:39:23.32193+00:00,2025-09-28T08:39:23.32193+00:00
29,FIX フィッシュアイコンバージョンレンズ UWL-28M52MG,Nauticam,2025-09-28T08:39:23.32193+00:00,2025-09-28T08:39:23.32193+00:00
30,FIX フィッシュアイコンバージョンレンズ UWL-28M52R,Nauticam,2025-09-28T08:39:23.32193+00:00,2025-09-28T08:39:23.32193+00:00
