id,name,code,url,prefecture,created_at,updated_at
107,三木浦,,,三重県,2025-09-27 08:10:59.530945+00,2025-09-27 08:10:59.530945+00
108,九鬼,,,三重県,2025-09-27 08:10:59.530945+00,2025-09-27 08:10:59.530945+00
109,南勢,,,三重県,2025-09-27 08:10:59.530945+00,2025-09-27 08:10:59.530945+00
110,尾鷲,,,三重県,2025-09-27 08:10:59.530945+00,2025-09-27 08:10:59.530945+00
111,梶賀,,,三重県,2025-09-27 08:10:59.530945+00,2025-09-27 08:10:59.530945+00
112,賢島,,,三重県,2025-09-27 08:10:59.530945+00,2025-09-27 08:10:59.530945+00
113,唐津,,,佐賀県,2025-09-27 08:10:59.530945+00,2025-09-27 08:10:59.530945+00
114,城崎,,,兵庫県,2025-09-27 08:10:59.530945+00,2025-09-27 08:10:59.530945+00
115,竹野,,,兵庫県,2025-09-27 08:10:59.530945+00,2025-09-27 08:10:59.530945+00
116,舞子,,,兵庫県,2025-09-27 08:10:59.530945+00,2025-09-27 08:10:59.530945+00
117,須磨,,,兵庫県,2025-09-27 08:10:59.530945+00,2025-09-27 08:10:59.530945+00
118,ウトロ,,,北海道,2025-09-27 08:10:59.530945+00,2025-09-27 08:10:59.530945+00
119,函館,,,北海道,2025-09-27 08:10:59.530945+00,2025-09-27 08:10:59.530945+00
120,奥尻島,,,北海道,2025-09-27 08:10:59.530945+00,2025-09-27 08:10:59.530945+00
121,室蘭,,,北海道,2025-09-27 08:10:59.530945+00,2025-09-27 08:10:59.530945+00
122,屈斜路湖,,,北海道,2025-09-27 08:10:59.530945+00,2025-09-27 08:10:59.530945+00
123,支笏湖,,,北海道,2025-09-27 08:10:59.530945+00,2025-09-27 08:10:59.530945+00
124,洞爺湖,,,北海道,2025-09-27 08:10:59.530945+00,2025-09-27 08:10:59.530945+00
125,焼尻島,,,北海道,2025-09-27 08:10:59.530945+00,2025-09-27 08:10:59.530945+00
126,積丹,,,北海道,2025-09-27 08:10:59.530945+00,2025-09-27 08:10:59.530945+00
127,羅臼,,,北海道,2025-09-27 08:10:59.530945+00,2025-09-27 08:10:59.530945+00
128,美国,,,北海道,2025-09-27 08:10:59.530945+00,2025-09-27 08:10:59.530945+00
129,臼尻,,,北海道,2025-09-27 08:10:59.530945+00,2025-09-27 08:10:59.530945+00
130,釧路川,,,北海道,2025-09-27 08:10:59.530945+00,2025-09-27 08:10:59.530945+00
131,勝浦,,,千葉県,2025-09-27 08:10:59.530945+00,2025-09-27 08:10:59.530945+00
132,沖ノ島（千葉）,,,千葉県,2025-09-27 08:10:59.530945+00,2025-09-27 08:10:59.530945+00
133,行川,,,千葉県,2025-09-27 08:10:59.530945+00,2025-09-27 08:10:59.530945+00
134,鴨川,,,千葉県,2025-09-27 08:10:59.530945+00,2025-09-27 08:10:59.530945+00
135,鵜原,,,千葉県,2025-09-27 08:10:59.530945+00,2025-09-27 08:10:59.530945+00
136,すさみ,,,和歌山県,2025-09-27 08:10:59.530945+00,2025-09-27 08:10:59.530945+00
137,みなべ,,,和歌山県,2025-09-27 08:10:59.530945+00,2025-09-27 08:10:59.530945+00
138,串本,,,和歌山県,2025-09-27 08:10:59.530945+00,2025-09-27 08:10:59.530945+00
139,南紀白浜,,,和歌山県,2025-09-27 08:10:59.530945+00,2025-09-27 08:10:59.530945+00
140,古座,,,和歌山県,2025-09-27 08:10:59.530945+00,2025-09-27 08:10:59.530945+00
141,潮岬,,,和歌山県,2025-09-27 08:10:59.530945+00,2025-09-27 08:10:59.530945+00
142,田辺,,,和歌山県,2025-09-27 08:10:59.530945+00,2025-09-27 08:10:59.530945+00
143,白崎,,,和歌山県,2025-09-27 08:10:59.530945+00,2025-09-27 08:10:59.530945+00
144,白浜,,,和歌山県,2025-09-27 08:10:59.530945+00,2025-09-27 08:10:59.530945+00
145,紀伊大島,,,和歌山県,2025-09-27 08:10:59.530945+00,2025-09-27 08:10:59.530945+00
146,那智勝浦,,,和歌山県,2025-09-27 08:10:59.530945+00,2025-09-27 08:10:59.530945+00
147,須江,,,和歌山県,2025-09-27 08:10:59.530945+00,2025-09-27 08:10:59.530945+00
148,女川,,,宮城県,2025-09-27 08:10:59.530945+00,2025-09-27 08:10:59.530945+00
149,志津川,,,宮城県,2025-09-27 08:10:59.530945+00,2025-09-27 08:10:59.530945+00
150,指ヶ浜,,,宮城県,2025-09-27 08:10:59.530945+00,2025-09-27 08:10:59.530945+00
151,竹浦,,,宮城県,2025-09-27 08:10:59.530945+00,2025-09-27 08:10:59.530945+00
152,周防大島,,,山口県,2025-09-27 08:10:59.530945+00,2025-09-27 08:10:59.530945+00
153,油戸,,,山口県,2025-09-27 08:10:59.530945+00,2025-09-27 08:10:59.530945+00
154,相島（山口）,,,山口県,2025-09-27 08:10:59.530945+00,2025-09-27 08:10:59.530945+00
155,笠戸島,,,山口県,2025-09-27 08:10:59.530945+00,2025-09-27 08:10:59.530945+00
156,萩,,,山口県,2025-09-27 08:10:59.530945+00,2025-09-27 08:10:59.530945+00
157,蓋井島,,,山口県,2025-09-27 08:10:59.878678+00,2025-09-27 08:10:59.878678+00
158,見島,,,山口県,2025-09-27 08:10:59.878678+00,2025-09-27 08:10:59.878678+00
159,青海島,,,山口県,2025-09-27 08:10:59.878678+00,2025-09-27 08:10:59.878678+00
160,須佐,,,山口県,2025-09-27 08:10:59.878678+00,2025-09-27 08:10:59.878678+00
161,鼠ヶ関,,,山形県,2025-09-27 08:10:59.878678+00,2025-09-27 08:10:59.878678+00
162,本栖湖,,,山梨県,2025-09-27 08:10:59.878678+00,2025-09-27 08:10:59.878678+00
163,田野畑,,,岩手県,2025-09-27 08:10:59.878678+00,2025-09-27 08:10:59.878678+00
164,越喜来,,,岩手県,2025-09-27 08:10:59.878678+00,2025-09-27 08:10:59.878678+00
165,宍喰,,,徳島県,2025-09-27 08:10:59.878678+00,2025-09-27 08:10:59.878678+00
166,日和佐,,,徳島県,2025-09-27 08:10:59.878678+00,2025-09-27 08:10:59.878678+00
167,牟岐,,,徳島県,2025-09-27 08:10:59.878678+00,2025-09-27 08:10:59.878678+00
168,佐渡島,,,新潟県,2025-09-27 08:10:59.878678+00,2025-09-27 08:10:59.878678+00
169,柏崎,,,新潟県,2025-09-27 08:10:59.878678+00,2025-09-27 08:10:59.878678+00
170,粟島,,,新潟県,2025-09-27 08:10:59.878678+00,2025-09-27 08:10:59.878678+00
171,親不知,,,新潟県,2025-09-27 08:10:59.878678+00,2025-09-27 08:10:59.878678+00
172,三宅島,,,東京都,2025-09-27 08:10:59.878678+00,2025-09-27 08:10:59.878678+00
173,伊豆大島,,,東京都,2025-09-27 08:10:59.878678+00,2025-09-27 08:10:59.878678+00
174,八丈島,,,東京都,2025-09-27 08:10:59.878678+00,2025-09-27 08:10:59.878678+00
175,利島,,,東京都,2025-09-27 08:10:59.878678+00,2025-09-27 08:10:59.878678+00
176,孀婦岩,,,東京都,2025-09-27 08:10:59.878678+00,2025-09-27 08:10:59.878678+00
177,式根島,,,東京都,2025-09-27 08:10:59.878678+00,2025-09-27 08:10:59.878678+00
178,新島,,,東京都,2025-09-27 08:10:59.878678+00,2025-09-27 08:10:59.878678+00
179,母島,,,東京都,2025-09-27 08:10:59.878678+00,2025-09-27 08:10:59.878678+00
180,父島,,,東京都,2025-09-27 08:10:59.878678+00,2025-09-27 08:10:59.878678+00
181,神津島,,,東京都,2025-09-27 08:10:59.878678+00,2025-09-27 08:10:59.878678+00
182,チービシ,,,沖縄県,2025-09-27 08:10:59.878678+00,2025-09-27 08:10:59.878678+00
183,万座,,,沖縄県,2025-09-27 08:10:59.878678+00,2025-09-27 08:10:59.878678+00
184,下地島・伊良部島,,,沖縄県,2025-09-27 08:10:59.878678+00,2025-09-27 08:10:59.878678+00
185,与那国島,,,沖縄県,2025-09-27 08:10:59.878678+00,2025-09-27 08:10:59.878678+00
186,久米島,,,沖縄県,2025-09-27 08:10:59.878678+00,2025-09-27 08:10:59.878678+00
187,久高島,,,沖縄県,2025-09-27 08:10:59.878678+00,2025-09-27 08:10:59.878678+00
188,今帰仁,,,沖縄県,2025-09-27 08:10:59.878678+00,2025-09-27 08:10:59.878678+00
189,伊平屋島,,,沖縄県,2025-09-27 08:10:59.878678+00,2025-09-27 08:10:59.878678+00
190,伊是名島,,,沖縄県,2025-09-27 08:10:59.878678+00,2025-09-27 08:10:59.878678+00
191,伊江島,,,沖縄県,2025-09-27 08:10:59.878678+00,2025-09-27 08:10:59.878678+00
192,八重干瀬（池間島）,,,沖縄県,2025-09-27 08:10:59.878678+00,2025-09-27 08:10:59.878678+00
193,古宇利島,,,沖縄県,2025-09-27 08:10:59.878678+00,2025-09-27 08:10:59.878678+00
194,名護湾,,,沖縄県,2025-09-27 08:10:59.878678+00,2025-09-27 08:10:59.878678+00
195,喜屋武,,,沖縄県,2025-09-27 08:10:59.878678+00,2025-09-27 08:10:59.878678+00
196,多良間島,,,沖縄県,2025-09-27 08:10:59.878678+00,2025-09-27 08:10:59.878678+00
197,大度海岸,,,沖縄県,2025-09-27 08:10:59.878678+00,2025-09-27 08:10:59.878678+00
198,宜野湾,,,沖縄県,2025-09-27 08:10:59.878678+00,2025-09-27 08:10:59.878678+00
199,宮古島周辺,,,沖縄県,2025-09-27 08:10:59.878678+00,2025-09-27 08:10:59.878678+00
200,小浜島,,,沖縄県,2025-09-27 08:10:59.878678+00,2025-09-27 08:10:59.878678+00
201,座間味島,,,沖縄県,2025-09-27 08:10:59.878678+00,2025-09-27 08:10:59.878678+00
202,恩納,,,沖縄県,2025-09-27 08:10:59.878678+00,2025-09-27 08:10:59.878678+00
203,新城島,,,沖縄県,2025-09-27 08:10:59.878678+00,2025-09-27 08:10:59.878678+00
204,残波,,,沖縄県,2025-09-27 08:10:59.878678+00,2025-09-27 08:10:59.878678+00
205,水納島（多良間村）,,,沖縄県,2025-09-27 08:10:59.878678+00,2025-09-27 08:10:59.878678+00
206,水納島（本部町）,,,沖縄県,2025-09-27 08:10:59.878678+00,2025-09-27 08:10:59.878678+00
207,波の上,,,沖縄県,2025-09-27 08:11:00.064503+00,2025-09-27 08:11:00.064503+00
208,波照間島,,,沖縄県,2025-09-27 08:11:00.064503+00,2025-09-27 08:11:00.064503+00
209,渡名喜島,,,沖縄県,2025-09-27 08:11:00.064503+00,2025-09-27 08:11:00.064503+00
210,渡嘉敷島,,,沖縄県,2025-09-27 08:11:00.064503+00,2025-09-27 08:11:00.064503+00
211,漢那,,,沖縄県,2025-09-27 08:11:00.064503+00,2025-09-27 08:11:00.064503+00
212,瀬底島,,,沖縄県,2025-09-27 08:11:00.064503+00,2025-09-27 08:11:00.064503+00
213,牧港,,,沖縄県,2025-09-27 08:11:00.064503+00,2025-09-27 08:11:00.064503+00
214,真栄田岬,,,沖縄県,2025-09-27 08:11:00.064503+00,2025-09-27 08:11:00.064503+00
215,石垣島,,,沖縄県,2025-09-27 08:11:00.064503+00,2025-09-27 08:11:00.064503+00
216,竹富島,,,沖縄県,2025-09-27 08:11:00.064503+00,2025-09-27 08:11:00.064503+00
217,粟国島,,,沖縄県,2025-09-27 08:11:00.064503+00,2025-09-27 08:11:00.064503+00
218,糸満,,,沖縄県,2025-09-27 08:11:00.064503+00,2025-09-27 08:11:00.064503+00
219,西表島,,,沖縄県,2025-09-27 08:11:00.064503+00,2025-09-27 08:11:00.064503+00
220,読谷,,,沖縄県,2025-09-27 08:11:00.064503+00,2025-09-27 08:11:00.064503+00
221,辺戸岬,,,沖縄県,2025-09-27 08:11:00.064503+00,2025-09-27 08:11:00.064503+00
222,辺野古,,,沖縄県,2025-09-27 08:11:00.064503+00,2025-09-27 08:11:00.064503+00
223,金武,,,沖縄県,2025-09-27 08:11:00.064503+00,2025-09-27 08:11:00.064503+00
224,阿嘉島,,,沖縄県,2025-09-27 08:11:00.064503+00,2025-09-27 08:11:00.064503+00
225,黒島,,,沖縄県,2025-09-27 08:11:00.064503+00,2025-09-27 08:11:00.064503+00
226,琵琶湖,,,滋賀県,2025-09-27 08:11:00.064503+00,2025-09-27 08:11:00.064503+00
227,九十九湾,,,石川県,2025-09-27 08:11:00.064503+00,2025-09-27 08:11:00.064503+00
228,珠洲,,,石川県,2025-09-27 08:11:00.064503+00,2025-09-27 08:11:00.064503+00
229,能登島,,,石川県,2025-09-27 08:11:00.064503+00,2025-09-27 08:11:00.064503+00
230,輪島,,,石川県,2025-09-27 08:11:00.064503+00,2025-09-27 08:11:00.064503+00
231,大磯,,,神奈川県,2025-09-27 08:11:00.064503+00,2025-09-27 08:11:00.064503+00
232,江ノ島,,,神奈川県,2025-09-27 08:11:00.064503+00,2025-09-27 08:11:00.064503+00
233,芦ノ湖,,,神奈川県,2025-09-27 08:11:00.064503+00,2025-09-27 08:11:00.064503+00
234,茅ヶ崎,,,神奈川県,2025-09-27 08:11:00.064503+00,2025-09-27 08:11:00.064503+00
235,葉山,,,神奈川県,2025-09-27 08:11:00.064503+00,2025-09-27 08:11:00.064503+00
236,諸磯,,,神奈川県,2025-09-27 08:11:00.064503+00,2025-09-27 08:11:00.064503+00
237,逗子,,,神奈川県,2025-09-27 08:11:00.064503+00,2025-09-27 08:11:00.064503+00
238,鎌倉,,,神奈川県,2025-09-27 08:11:00.064503+00,2025-09-27 08:11:00.064503+00
239,敦賀,,,福井県,2025-09-27 08:11:00.064503+00,2025-09-27 08:11:00.064503+00
240,田後,,,福井県,2025-09-27 08:11:00.064503+00,2025-09-27 08:11:00.064503+00
241,越前,,,福井県,2025-09-27 08:11:00.064503+00,2025-09-27 08:11:00.064503+00
242,音海,,,福井県,2025-09-27 08:11:00.064503+00,2025-09-27 08:11:00.064503+00
243,志賀島,,,福岡県,2025-09-27 08:11:00.064503+00,2025-09-27 08:11:00.064503+00
244,沖ノ島（福岡）,,,福岡県,2025-09-27 08:11:00.064503+00,2025-09-27 08:11:00.064503+00
245,玄界灘,,,福岡県,2025-09-27 08:11:00.064503+00,2025-09-27 08:11:00.064503+00
246,相島（福岡）,,,福岡県,2025-09-27 08:11:00.064503+00,2025-09-27 08:11:00.064503+00
247,糸島,,,福岡県,2025-09-27 08:11:00.064503+00,2025-09-27 08:11:00.064503+00
248,猪苗代湖,,,福島県,2025-09-27 08:11:00.064503+00,2025-09-27 08:11:00.064503+00
249,男鹿半島,,,秋田県,2025-09-27 08:11:00.064503+00,2025-09-27 08:11:00.064503+00
250,榛名湖,,,群馬県,2025-09-27 08:11:00.064503+00,2025-09-27 08:11:00.064503+00
251,大洗,,,茨城県,2025-09-27 08:11:00.064503+00,2025-09-27 08:11:00.064503+00
252,阿字ヶ浦,,,茨城県,2025-09-27 08:11:00.064503+00,2025-09-27 08:11:00.064503+00
253,上五島,,,長崎県,2025-09-27 08:11:00.064503+00,2025-09-27 08:11:00.064503+00
254,下五島,,,長崎県,2025-09-27 08:11:00.064503+00,2025-09-27 08:11:00.064503+00
255,九十九島,,,長崎県,2025-09-27 08:11:00.064503+00,2025-09-27 08:11:00.064503+00
256,伊王島,,,長崎県,2025-09-27 08:11:00.064503+00,2025-09-27 08:11:00.064503+00
257,壱岐,,,長崎県,2025-09-27 08:11:00.291408+00,2025-09-27 08:11:00.291408+00
258,対馬,,,長崎県,2025-09-27 08:11:00.291408+00,2025-09-27 08:11:00.291408+00
259,仏ヶ浦,,,青森県,2025-09-27 08:11:00.291408+00,2025-09-27 08:11:00.291408+00
260,夏泊半島,,,青森県,2025-09-27 08:11:00.291408+00,2025-09-27 08:11:00.291408+00
261,小泊,,,青森県,2025-09-27 08:11:00.291408+00,2025-09-27 08:11:00.291408+00
262,深浦,,,青森県,2025-09-27 08:11:00.291408+00,2025-09-27 08:11:00.291408+00
263,竜飛崎,,,青森県,2025-09-27 08:11:00.291408+00,2025-09-27 08:11:00.291408+00
264,下田,,,静岡県,2025-09-27 08:11:00.291408+00,2025-09-27 08:11:00.291408+00
265,中木,,,静岡県,2025-09-27 08:11:00.291408+00,2025-09-27 08:11:00.291408+00
266,井田,,,静岡県,2025-09-27 08:11:00.291408+00,2025-09-27 08:11:00.291408+00
267,伊東,,,静岡県,2025-09-27 08:11:00.291408+00,2025-09-27 08:11:00.291408+00
268,伊豆山,,,静岡県,2025-09-27 08:11:00.291408+00,2025-09-27 08:11:00.291408+00
269,伊豆海洋公園,,,静岡県,2025-09-27 08:11:00.291408+00,2025-09-27 08:11:00.291408+00
270,八幡野,,,静岡県,2025-09-27 08:11:00.291408+00,2025-09-27 08:11:00.291408+00
271,初島,,,静岡県,2025-09-27 08:11:00.291408+00,2025-09-27 08:11:00.291408+00
272,北川,,,静岡県,2025-09-27 08:11:00.291408+00,2025-09-27 08:11:00.291408+00
273,土肥,,,静岡県,2025-09-27 08:11:00.291408+00,2025-09-27 08:11:00.291408+00
274,大瀬崎,,,静岡県,2025-09-27 08:11:00.291408+00,2025-09-27 08:11:00.291408+00
275,妻良,,,静岡県,2025-09-27 08:11:00.291408+00,2025-09-27 08:11:00.291408+00
276,宇佐美,,,静岡県,2025-09-27 08:11:00.291408+00,2025-09-27 08:11:00.291408+00
277,富戸,,,静岡県,2025-09-27 08:11:00.291408+00,2025-09-27 08:11:00.291408+00
278,川奈,,,静岡県,2025-09-27 08:11:00.291408+00,2025-09-27 08:11:00.291408+00
279,平沢,,,静岡県,2025-09-27 08:11:00.291408+00,2025-09-27 08:11:00.291408+00
280,浜名湖,,,静岡県,2025-09-27 08:11:00.291408+00,2025-09-27 08:11:00.291408+00
281,浮島・堂ヶ島,,,静岡県,2025-09-27 08:11:00.291408+00,2025-09-27 08:11:00.291408+00
282,熱川,,,静岡県,2025-09-27 08:11:00.291408+00,2025-09-27 08:11:00.291408+00
283,熱海,,,静岡県,2025-09-27 08:11:00.291408+00,2025-09-27 08:11:00.291408+00
284,田子,,,静岡県,2025-09-27 08:11:00.291408+00,2025-09-27 08:11:00.291408+00
285,石橋,,,静岡県,2025-09-27 08:11:00.291408+00,2025-09-27 08:11:00.291408+00
286,神子元島,,,静岡県,2025-09-27 08:11:00.291408+00,2025-09-27 08:11:00.291408+00
287,稲取,,,静岡県,2025-09-27 08:11:00.291408+00,2025-09-27 08:11:00.291408+00
288,網代,,,静岡県,2025-09-27 08:11:00.291408+00,2025-09-27 08:11:00.291408+00
289,雲見,,,静岡県,2025-09-27 08:11:00.291408+00,2025-09-27 08:11:00.291408+00
290,静浦,,,静岡県,2025-09-27 08:11:00.291408+00,2025-09-27 08:11:00.291408+00
291,須崎,,,静岡県,2025-09-27 08:11:00.291408+00,2025-09-27 08:11:00.291408+00
292,黄金崎・安良里,,,静岡県,2025-09-27 08:11:00.291408+00,2025-09-27 08:11:00.291408+00
293,室戸,,,高知県,2025-09-27 08:11:00.291408+00,2025-09-27 08:11:00.291408+00
294,柏島,,,高知県,2025-09-27 08:11:00.291408+00,2025-09-27 08:11:00.291408+00
295,沖ノ島（高知）,,,高知県,2025-09-27 08:11:00.291408+00,2025-09-27 08:11:00.291408+00
296,甲浦,,,高知県,2025-09-27 08:11:00.291408+00,2025-09-27 08:11:00.291408+00
297,竜串,,,高知県,2025-09-27 08:11:00.291408+00,2025-09-27 08:11:00.291408+00
298,足摺岬,,,高知県,2025-09-27 08:11:00.291408+00,2025-09-27 08:11:00.291408+00
299,トカラ列島,,,鹿児島県,2025-09-27 08:11:00.291408+00,2025-09-27 08:11:00.291408+00
300,下甑島,,,鹿児島県,2025-09-27 08:11:00.291408+00,2025-09-27 08:11:00.291408+00
301,与論島,,,鹿児島県,2025-09-27 08:11:00.291408+00,2025-09-27 08:11:00.291408+00
302,中之島,,,鹿児島県,2025-09-27 08:11:00.291408+00,2025-09-27 08:11:00.291408+00
303,口永良部島,,,鹿児島県,2025-09-27 08:11:00.291408+00,2025-09-27 08:11:00.291408+00
304,喜界島,,,鹿児島県,2025-09-27 08:11:00.291408+00,2025-09-27 08:11:00.291408+00
305,坊津,,,鹿児島県,2025-09-27 08:11:00.291408+00,2025-09-27 08:11:00.291408+00
306,奄美大島,,,鹿児島県,2025-09-27 08:11:00.291408+00,2025-09-27 08:11:00.291408+00
307,宝島,,,鹿児島県,2025-09-27 08:11:00.492253+00,2025-09-27 08:11:00.492253+00
308,屋久島,,,鹿児島県,2025-09-27 08:11:00.492253+00,2025-09-27 08:11:00.492253+00
309,徳之島,,,鹿児島県,2025-09-27 08:11:00.492253+00,2025-09-27 08:11:00.492253+00
310,指宿,,,鹿児島県,2025-09-27 08:11:00.492253+00,2025-09-27 08:11:00.492253+00
311,枕崎,,,鹿児島県,2025-09-27 08:11:00.492253+00,2025-09-27 08:11:00.492253+00
312,沖永良部島,,,鹿児島県,2025-09-27 08:11:00.492253+00,2025-09-27 08:11:00.492253+00
313,甑島,,,鹿児島県,2025-09-27 08:11:00.492253+00,2025-09-27 08:11:00.492253+00
314,種子島,,,鹿児島県,2025-09-27 08:11:00.492253+00,2025-09-27 08:11:00.492253+00
315,笠沙,,,鹿児島県,2025-09-27 08:11:00.492253+00,2025-09-27 08:11:00.492253+00
316,錦江湾,,,鹿児島県,2025-09-27 08:11:00.492253+00,2025-09-27 08:11:00.492253+00
317,積丹美国,,,北海道,2025-10-09 09:23:44.704117+00,2025-10-09 09:23:44.704117+00
318,ローソク岩,,,北海道,2025-10-09 09:23:44.704117+00,2025-10-09 09:23:44.704117+00
319,庄内,,,山形県,2025-10-09 09:23:44.704117+00,2025-10-09 09:23:44.704117+00
320,佐渡ヶ島,,,新潟県,2025-10-09 09:23:44.704117+00,2025-10-09 09:23:44.704117+00
321,越中宮崎,,,富山県,2025-10-09 09:23:44.704117+00,2025-10-09 09:23:44.704117+00
322,柏崎/番神,,,新潟県,2025-10-09 09:23:44.704117+00,2025-10-09 09:23:44.704117+00
323,伊戸,,,千葉県,2025-10-09 09:23:44.704117+00,2025-10-09 09:23:44.704117+00
324,西川名,,,千葉県,2025-10-09 09:23:44.704117+00,2025-10-09 09:23:44.704117+00
325,城ケ島,,,神奈川県,2025-10-09 09:23:44.704117+00,2025-10-09 09:23:44.704117+00
326,三崎町諸磯,,,神奈川県,2025-10-09 09:23:44.704117+00,2025-10-09 09:23:44.704117+00
327,三戸浜,,,神奈川県,2025-10-09 09:23:44.704117+00,2025-10-09 09:23:44.704117+00
328,鎌倉沖,,,神奈川県,2025-10-09 09:23:44.704117+00,2025-10-09 09:23:44.704117+00
329,江ノ島・エボシ岩,,,神奈川県,2025-10-09 09:23:44.704117+00,2025-10-09 09:23:44.704117+00
330,早川,,,神奈川県,2025-10-09 09:23:44.704117+00,2025-10-09 09:23:44.704117+00
331,根府川,,,神奈川県,2025-10-09 09:23:44.704117+00,2025-10-09 09:23:44.704117+00
332,江之浦,,,神奈川県,2025-10-09 09:23:44.704117+00,2025-10-09 09:23:44.704117+00
333,岩,,,神奈川県,2025-10-09 09:23:44.704117+00,2025-10-09 09:23:44.704117+00
334,谷津,,,静岡県,2025-10-09 09:23:44.704117+00,2025-10-09 09:23:44.704117+00
335,菖蒲沢,,,静岡県,2025-10-09 09:23:44.704117+00,2025-10-09 09:23:44.704117+00
336,獅子浜,,,静岡県,2025-10-09 09:23:44.704117+00,2025-10-09 09:23:44.704117+00
337,浮島,,,静岡県,2025-10-09 09:23:44.704117+00,2025-10-09 09:23:44.704117+00
338,大島,,,東京都,2025-10-09 09:23:44.704117+00,2025-10-09 09:23:44.704117+00
339,小笠原（父島）,,,東京都,2025-10-09 09:23:44.704117+00,2025-10-09 09:23:44.704117+00
340,小笠原（母島）,,,東京都,2025-10-09 09:23:44.704117+00,2025-10-09 09:23:44.704117+00
341,白崎（由良町）,,,和歌山県,2025-10-09 09:23:44.704117+00,2025-10-09 09:23:44.704117+00
342,南紀串本,,,和歌山県,2025-10-09 09:23:44.704117+00,2025-10-09 09:23:44.704117+00
343,方座浦,,,三重県,2025-10-09 09:23:44.704117+00,2025-10-09 09:23:44.704117+00
344,島根大田,,,島根県,2025-10-09 09:23:44.704117+00,2025-10-09 09:23:44.704117+00
345,山口県瀬戸内海,,,山口県,2025-10-09 09:23:44.704117+00,2025-10-09 09:23:44.704117+00
346,大月・柏島,,,高知県,2025-10-09 09:23:44.704117+00,2025-10-09 09:23:44.704117+00
347,うぐる島・沖ノ島,,,高知県,2025-10-09 09:23:44.704117+00,2025-10-09 09:23:44.704117+00
348,竜串・足摺,,,高知県,2025-10-09 09:23:44.704117+00,2025-10-09 09:23:44.704117+00
349,恋の浦,,,福岡県,2025-10-09 09:23:44.704117+00,2025-10-09 09:23:44.704117+00
350,糸島・玄界灘,,,福岡県,2025-10-09 09:23:44.704117+00,2025-10-09 09:23:44.704117+00
351,五島列島・上五島,,,長崎県,2025-10-09 09:23:44.704117+00,2025-10-09 09:23:44.704117+00
352,五島列島・下五島,,,長崎県,2025-10-09 09:23:44.704117+00,2025-10-09 09:23:44.704117+00
353,辰口,,,長崎県,2025-10-09 09:23:44.704117+00,2025-10-09 09:23:44.704117+00
354,天草,,,熊本県,2025-10-09 09:23:44.704117+00,2025-10-09 09:23:44.704117+00
355,枕崎・坊津,,,鹿児島県,2025-10-09 09:23:44.704117+00,2025-10-09 09:23:44.704117+00
356,桜島,,,鹿児島県,2025-10-09 09:23:44.704117+00,2025-10-09 09:23:44.704117+00
357,南郷,,,宮崎県,2025-10-09 09:23:44.704117+00,2025-10-09 09:23:44.704117+00
358,延岡,,,宮崎県,2025-10-09 09:23:44.704117+00,2025-10-09 09:23:44.704117+00
359,トカラ列島・口之島,,,鹿児島県,2025-10-09 09:23:44.704117+00,2025-10-09 09:23:44.704117+00
360,奄美大島・北部,,,鹿児島県,2025-10-09 09:23:44.704117+00,2025-10-09 09:23:44.704117+00
361,本部半島,,,沖縄県,2025-10-09 09:23:44.704117+00,2025-10-09 09:23:44.704117+00
362,恩納村,,,沖縄県,2025-10-09 09:23:44.704117+00,2025-10-09 09:23:44.704117+00
363,嘉手納町水釜,,,沖縄県,2025-10-09 09:23:44.704117+00,2025-10-09 09:23:44.704117+00
364,砂辺,,,沖縄県,2025-10-09 09:23:44.704117+00,2025-10-09 09:23:44.704117+00
365,南部＆チービシ諸島,,,沖縄県,2025-10-09 09:23:44.704117+00,2025-10-09 09:23:44.704117+00
366,粟国島・渡名喜島,,,沖縄県,2025-10-09 09:23:44.704117+00,2025-10-09 09:23:44.704117+00
367,慶良間（ケラマ）諸島,,,沖縄県,2025-10-09 09:23:44.944159+00,2025-10-09 09:23:44.944159+00
368,宮古島,,,沖縄県,2025-10-09 09:23:44.944159+00,2025-10-09 09:23:44.944159+00
369,石垣島・八重山周辺,,,沖縄県,2025-10-09 09:23:44.944159+00,2025-10-09 09:23:44.944159+00
370,セブ島,,,フィリピン,2026-01-30 14:03:34.740539+00,2026-01-30 14:03:34.740539+00
371,ボホール島,,,フィリピン,2026-01-30 14:03:34.740539+00,2026-01-30 14:03:34.740539+00
372,アニラオ,,,フィリピン,2026-01-30 14:03:34.740539+00,2026-01-30 14:03:34.740539+00
373,トゥバタハ岩礁,,,フィリピン,2026-01-30 14:03:34.740539+00,2026-01-30 14:03:34.740539+00
374,マラパスクア島,,,フィリピン,2026-01-30 14:03:34.740539+00,2026-01-30 14:03:34.740539+00
375,コロン島,,,フィリピン,2026-01-30 14:03:34.740539+00,2026-01-30 14:03:34.740539+00
376,アポ島,,,フィリピン,2026-01-30 14:03:34.740539+00,2026-01-30 14:03:34.740539+00
377,ドゥマゲッティ,,,フィリピン,2026-01-30 14:03:34.740539+00,2026-01-30 14:03:34.740539+00
378,プエルトガレラ,,,フィリピン,2026-01-30 14:03:34.740539+00,2026-01-30 14:03:34.740539+00
379,ラジャ・アンパット,,,インドネシア,2026-01-30 14:03:34.740539+00,2026-01-30 14:03:34.740539+00
380,コモド島,,,インドネシア,2026-01-30 14:03:34.740539+00,2026-01-30 14:03:34.740539+00
381,バリ島,,,インドネシア,2026-01-30 14:03:34.740539+00,2026-01-30 14:03:34.740539+00
382,バリ島,,,インドネシア,2026-01-30 14:03:34.740539+00,2026-01-30 14:03:34.740539+00
383,ブナケン国立公園,,,インドネシア,2026-01-30 14:03:34.740539+00,2026-01-30 14:03:34.740539+00
384,レンベ海峡,,,インドネシア,2026-01-30 14:03:34.740539+00,2026-01-30 14:03:34.740539+00
385,ワカトビ,,,インドネシア,2026-01-30 14:03:34.740539+00,2026-01-30 14:03:34.740539+00
386,ギリ・トラワンガン,,,インドネシア,2026-01-30 14:03:34.740539+00,2026-01-30 14:03:34.740539+00
387,アンボン,,,インドネシア,2026-01-30 14:03:34.740539+00,2026-01-30 14:03:34.740539+00
388,シパダン島,,,マレーシア,2026-01-30 14:03:34.740539+00,2026-01-30 14:03:34.740539+00
389,マブール島,,,マレーシア,2026-01-30 14:03:34.740539+00,2026-01-30 14:03:34.740539+00
390,カパライ島,,,マレーシア,2026-01-30 14:03:34.740539+00,2026-01-30 14:03:34.740539+00
391,ラヤンラヤン島,,,マレーシア,2026-01-30 14:03:34.740539+00,2026-01-30 14:03:34.740539+00
392,ペルヘンティアン島,,,マレーシア,2026-01-30 14:03:34.740539+00,2026-01-30 14:03:34.740539+00
393,ティオマン島,,,マレーシア,2026-01-30 14:03:34.740539+00,2026-01-30 14:03:34.740539+00
394,タオ島,,,タイ,2026-01-30 14:03:34.740539+00,2026-01-30 14:03:34.740539+00
395,シミラン諸島,,,タイ,2026-01-30 14:03:34.740539+00,2026-01-30 14:03:34.740539+00
396,リチェリューロック,,,タイ,2026-01-30 14:03:34.740539+00,2026-01-30 14:03:34.740539+00
397,ピピ島,,,タイ,2026-01-30 14:03:34.740539+00,2026-01-30 14:03:34.740539+00
398,ヒンデーン・ヒンムアン,,,タイ,2026-01-30 14:03:34.740539+00,2026-01-30 14:03:34.740539+00
399,アリ環礁,,,モルディブ,2026-01-30 14:03:34.740539+00,2026-01-30 14:03:34.740539+00
400,バア環礁,,,モルディブ,2026-01-30 14:03:34.740539+00,2026-01-30 14:03:34.740539+00
401,北マーレ環礁,,,モルディブ,2026-01-30 14:03:34.740539+00,2026-01-30 14:03:34.740539+00
402,南マーレ環礁,,,モルディブ,2026-01-30 14:03:34.740539+00,2026-01-30 14:03:34.740539+00
403,フヴァンムラ,,,モルディブ,2026-01-30 14:03:34.740539+00,2026-01-30 14:03:34.740539+00
411,ブルーコーナー,,,パラオ,2026-01-30 14:03:34.740539+00,2026-01-30 14:03:34.740539+00
412,ジャーマンチャネル,,,パラオ,2026-01-30 14:03:34.740539+00,2026-01-30 14:03:34.740539+00
413,ウーロンチャネル,,,パラオ,2026-01-30 14:03:34.740539+00,2026-01-30 14:03:34.740539+00
414,ジェリーフィッシュレイク,,,パラオ,2026-01-30 14:03:34.740539+00,2026-01-30 14:03:34.740539+00
415,チューク,,,ミクロネシア連邦,2026-01-30 14:03:34.740539+00,2026-01-30 14:03:34.740539+00
416,ヤップ島,,,ミクロネシア連邦,2026-01-30 14:03:34.740539+00,2026-01-30 14:03:34.740539+00
417,サイパン,,,北マリアナ諸島,2026-01-30 14:03:34.740539+00,2026-01-30 14:03:34.740539+00
418,テニアン島,,,北マリアナ諸島,2026-01-30 14:03:34.740539+00,2026-01-30 14:03:34.740539+00
419,ロタ島,,,北マリアナ諸島,2026-01-30 14:03:34.740539+00,2026-01-30 14:03:34.740539+00
420,グレートバリアリーフ,,,オーストラリア,2026-01-30 14:03:34.740539+00,2026-01-30 14:03:34.740539+00
421,ヨンガラレック,,,オーストラリア,2026-01-30 14:03:34.740539+00,2026-01-30 14:03:34.740539+00
422,ニンガルーリーフ,,,オーストラリア,2026-01-30 14:03:34.740539+00,2026-01-30 14:03:34.740539+00
423,ロード・ハウ島,,,オーストラリア,2026-01-30 14:03:34.740539+00,2026-01-30 14:03:34.740539+00
424,キンベ湾,,,パプアニューギニア,2026-01-30 14:03:34.740539+00,2026-01-30 14:03:34.740539+00
425,アロタウ,,,パプアニューギニア,2026-01-30 14:03:34.740539+00,2026-01-30 14:03:34.740539+00
426,マダン,,,パプアニューギニア,2026-01-30 14:03:34.740539+00,2026-01-30 14:03:34.740539+00
427,タベウニ島,,,フィジー,2026-01-30 14:03:34.740539+00,2026-01-30 14:03:34.740539+00
428,ベカ・ラグーン,,,フィジー,2026-01-30 14:03:34.740539+00,2026-01-30 14:03:34.740539+00
429,イル・デ・パン,,,ニューカレドニア,2026-01-30 14:03:34.740539+00,2026-01-30 14:03:34.740539+00
430,ランギロア環礁,,,タヒチ,2026-01-30 14:03:34.740539+00,2026-01-30 14:03:34.740539+00
431,ファカラバ環礁,,,タヒチ,2026-01-30 14:03:34.740539+00,2026-01-30 14:03:34.740539+00
432,ダハブ,,,エジプト,2026-01-30 14:03:34.740539+00,2026-01-30 14:03:34.740539+00
433,シャルム・エル・シェイク,,,エジプト,2026-01-30 14:03:34.740539+00,2026-01-30 14:03:34.740539+00
434,ハルガダ,,,エジプト,2026-01-30 14:03:34.740539+00,2026-01-30 14:03:34.740539+00
435,ブラザーズ諸島,,,エジプト,2026-01-30 14:03:34.740539+00,2026-01-30 14:03:34.740539+00
436,サンガネブ環礁,,,スーダン,2026-01-30 14:03:34.740539+00,2026-01-30 14:03:34.740539+00
437,サーディンラン,,,南アフリカ,2026-01-30 14:03:34.740539+00,2026-01-30 14:03:34.740539+00
438,アリワル・ショール,,,南アフリカ,2026-01-30 14:03:34.740539+00,2026-01-30 14:03:34.740539+00
439,ザンジバル島,,,タンザニア,2026-01-30 14:03:34.740539+00,2026-01-30 14:03:34.740539+00
440,トフォ,,,モザンビーク,2026-01-30 14:03:34.740539+00,2026-01-30 14:03:34.740539+00
441,アルダブラ環礁,,,セーシェル,2026-01-30 14:03:34.740539+00,2026-01-30 14:03:34.740539+00
442,カンクン,,,メキシコ,2026-01-30 14:03:34.740539+00,2026-01-30 14:03:34.740539+00
443,コスメル島,,,メキシコ,2026-01-30 14:03:34.740539+00,2026-01-30 14:03:34.740539+00
444,ラパス,,,メキシコ,2026-01-30 14:03:34.740539+00,2026-01-30 14:03:34.740539+00
445,ソコロ諸島,,,メキシコ,2026-01-30 14:03:34.740539+00,2026-01-30 14:03:34.740539+00
446,カボ・プルモ,,,メキシコ,2026-01-30 14:03:34.740539+00,2026-01-30 14:03:34.740539+00
447,グレート・ブルーホール,,,ベリーズ,2026-01-30 14:03:34.740539+00,2026-01-30 14:03:34.740539+00
448,ターンエフ環礁,,,ベリーズ,2026-01-30 14:03:34.740539+00,2026-01-30 14:03:34.740539+00
449,ココ島,,,コスタリカ,2026-01-30 14:03:34.740539+00,2026-01-30 14:03:34.740539+00
450,ロアタン島,,,ホンジュラス,2026-01-30 14:03:34.740539+00,2026-01-30 14:03:34.740539+00
451,ウティラ島,,,ホンジュラス,2026-01-30 14:03:34.740539+00,2026-01-30 14:03:34.740539+00
452,グランドケイマン,,,ケイマン諸島,2026-01-30 14:03:34.740539+00,2026-01-30 14:03:34.740539+00
453,ボネール島海洋公園,,,ボネール,2026-01-30 14:03:34.740539+00,2026-01-30 14:03:34.740539+00
454,タイガービーチ,,,バハマ,2026-01-30 14:03:34.740539+00,2026-01-30 14:03:34.740539+00
455,エグズーマ,,,バハマ,2026-01-30 14:03:34.740539+00,2026-01-30 14:03:34.740539+00
456,ハワイ,,,アメリカ,2026-01-30 14:03:34.740539+00,2026-01-30 14:03:34.740539+00
457,フロリダ・キーズ,,,アメリカ,2026-01-30 14:03:34.740539+00,2026-01-30 14:03:34.740539+00
458,カリフォルニア,,,アメリカ,2026-01-30 14:03:34.740539+00,2026-01-30 14:03:34.740539+00
459,ガラパゴス諸島,,,エクアドル,2026-01-30 14:03:34.740539+00,2026-01-30 14:03:34.740539+00
460,ガラパゴス諸島,,,エクアドル,2026-01-30 14:03:34.740539+00,2026-01-30 14:03:34.740539+00
461,マルペロ島,,,コロンビア,2026-01-30 14:03:34.740539+00,2026-01-30 14:03:34.740539+00
462,フェルナンド・デ・ノローニャ,,,ブラジル,2026-01-30 14:03:34.740539+00,2026-01-30 14:03:34.740539+00
463,イースター島,,,チリ,2026-01-30 14:03:34.740539+00,2026-01-30 14:03:34.740539+00
464,シルフラ,,,アイスランド,2026-01-30 14:03:34.740539+00,2026-01-30 14:03:34.740539+00
465,ゴゾ島,,,マルタ,2026-01-30 14:03:34.740539+00,2026-01-30 14:03:34.740539+00
466,チリケワ,,,マルタ,2026-01-30 14:03:34.740539+00,2026-01-30 14:03:34.740539+00
467,ポルトフィーノ,,,イタリア,2026-01-30 14:03:34.740539+00,2026-01-30 14:03:34.740539+00
468,メデス諸島,,,スペイン,2026-01-30 14:03:34.740539+00,2026-01-30 14:03:34.740539+00
469,アゾレス諸島,,,ポルトガル,2026-01-30 14:03:34.740539+00,2026-01-30 14:03:34.740539+00
470,ヴィス島,,,クロアチア,2026-01-30 14:03:34.740539+00,2026-01-30 14:03:34.740539+00
471,ロンブロン島,,,フィリピン,2026-01-30 14:03:34.740539+00,2026-01-30 14:03:34.740539+00
472,シキホール島,,,フィリピン,2026-01-30 14:03:34.740539+00,2026-01-30 14:03:34.740539+00
473,ダーウィン,,,フィリピン,2026-01-30 14:03:34.740539+00,2026-01-30 14:03:34.740539+00
474,サバン・ビーチ,,,フィリピン,2026-01-30 14:03:34.740539+00,2026-01-30 14:03:34.740539+00
475,アロール島,,,インドネシア,2026-01-30 14:03:34.740539+00,2026-01-30 14:03:34.740539+00
476,デラワン諸島,,,インドネシア,2026-01-30 14:03:34.740539+00,2026-01-30 14:03:34.740539+00
477,マラトゥア島,,,インドネシア,2026-01-30 14:03:34.740539+00,2026-01-30 14:03:34.740539+00
478,バンダ海,,,インドネシア,2026-01-30 14:03:34.740539+00,2026-01-30 14:03:34.740539+00
479,ゴロンタロ,,,インドネシア,2026-01-30 14:03:34.740539+00,2026-01-30 14:03:34.740539+00
480,ランカヤン島,,,マレーシア,2026-01-30 14:03:34.740539+00,2026-01-30 14:03:34.740539+00
481,サムイ島,,,タイ,2026-01-30 14:03:34.740539+00,2026-01-30 14:03:34.740539+00
482,パタヤ,,,タイ,2026-01-30 14:03:34.740539+00,2026-01-30 14:03:34.740539+00
483,コンダオ島,,,ベトナム,2026-01-30 14:03:34.740539+00,2026-01-30 14:03:34.740539+00
484,ニャチャン,,,ベトナム,2026-01-30 14:03:34.740539+00,2026-01-30 14:03:34.740539+00
485,ロン島,,,カンボジア,2026-01-30 14:03:34.740539+00,2026-01-30 14:03:34.740539+00
486,トリンコマリー,,,スリランカ,2026-01-30 14:03:34.740539+00,2026-01-30 14:03:34.740539+00
487,ヒッカドゥワ,,,スリランカ,2026-01-30 14:03:34.740539+00,2026-01-30 14:03:34.740539+00
488,デイマニヤート諸島,,,オマーン,2026-01-30 14:03:34.740539+00,2026-01-30 14:03:34.740539+00
489,アカバ,,,ヨルダン,2026-01-30 14:03:34.740539+00,2026-01-30 14:03:34.740539+00
490,フジャイラ,,,アラブ首長国連邦,2026-01-30 14:03:34.740539+00,2026-01-30 14:03:34.740539+00
491,タジュラ湾,,,ジブチ,2026-01-30 14:03:34.740539+00,2026-01-30 14:03:34.740539+00
492,ワタム海洋国立公園,,,ケニア,2026-01-30 14:03:34.740539+00,2026-01-30 14:03:34.740539+00
493,ノシ・ベ,,,マダガスカル,2026-01-30 14:03:34.740539+00,2026-01-30 14:03:34.740539+00
494,フリッカン・フラック,,,モーリシャス,2026-01-30 14:03:34.740539+00,2026-01-30 14:03:34.740539+00
495,エスピリトゥサント島,,,バヌアツ,2026-01-30 14:03:34.740539+00,2026-01-30 14:03:34.740539+00
496,ガダルカナル島,,,ソロモン諸島,2026-01-30 14:03:34.740539+00,2026-01-30 14:03:34.740539+00
497,ギゾ島,,,ソロモン諸島,2026-01-30 14:03:34.740539+00,2026-01-30 14:03:34.740539+00
498,ビキニ環礁,,,マーシャル諸島,2026-01-30 14:03:34.740539+00,2026-01-30 14:03:34.740539+00
499,ババウ諸島,,,トンガ,2026-01-30 14:03:34.740539+00,2026-01-30 14:03:34.740539+00
500,ラロトンガ島,,,クック諸島,2026-01-30 14:03:34.740539+00,2026-01-30 14:03:34.740539+00
501,サバイイ島,,,サモア,2026-01-30 14:03:34.740539+00,2026-01-30 14:03:34.740539+00
502,ニウエ島,,,ニウエ,2026-01-30 14:03:34.740539+00,2026-01-30 14:03:34.740539+00
503,プア・ナイツ諸島,,,ニュージーランド,2026-01-30 14:03:34.740539+00,2026-01-30 14:03:34.740539+00
504,ハワイ,,,アメリカ,2026-01-30 14:03:34.740539+00,2026-01-30 14:03:34.740539+00
505,ハワイ,,,アメリカ,2026-01-30 14:03:34.740539+00,2026-01-30 14:03:34.740539+00
506,ノースカロライナ,,,アメリカ,2026-01-30 14:03:34.740539+00,2026-01-30 14:03:34.740539+00
507,カリフォルニア,,,アメリカ,2026-01-30 14:03:34.740539+00,2026-01-30 14:03:34.740539+00
508,バンクーバー島,,,カナダ,2026-01-30 14:03:34.740539+00,2026-01-30 14:03:34.740539+00
509,トバモリー,,,カナダ,2026-01-30 14:03:34.740539+00,2026-01-30 14:03:34.740539+00
510,ビミニ島,,,バハマ,2026-01-30 14:03:34.740539+00,2026-01-30 14:03:34.740539+00
511,ハルディネス・デ・ラ・レイナ,,,キューバ,2026-01-30 14:03:34.740539+00,2026-01-30 14:03:34.740539+00
512,グレースベイ,,,タークス・カイコス諸島,2026-01-30 14:03:34.740539+00,2026-01-30 14:03:34.740539+00
513,シルバーバンク,,,ドミニカ共和国,2026-01-30 14:03:34.740539+00,2026-01-30 14:03:34.740539+00
514,デセチェオ島,,,プエルトリコ,2026-01-30 14:03:34.740539+00,2026-01-30 14:03:34.740539+00
515,キュラソー島,,,オランダ領アンティル,2026-01-30 14:03:34.740539+00,2026-01-30 14:03:34.740539+00
516,サバ島,,,オランダ領アンティル,2026-01-30 14:03:34.740539+00,2026-01-30 14:03:34.740539+00
517,アンティラ号,,,アルバ,2026-01-30 14:03:34.740539+00,2026-01-30 14:03:34.740539+00
518,スフリエール海洋保護区,,,セントルシア,2026-01-30 14:03:34.740539+00,2026-01-30 14:03:34.740539+00
519,ビアンカC,,,グレナダ,2026-01-30 14:03:34.740539+00,2026-01-30 14:03:34.740539+00
520,アブロリョス諸島,,,ブラジル,2026-01-30 14:03:34.740539+00,2026-01-30 14:03:34.740539+00
521,コイバ島,,,パナマ,2026-01-30 14:03:34.740539+00,2026-01-30 14:03:34.740539+00
522,パロミノ諸島,,,ペルー,2026-01-30 14:03:34.740539+00,2026-01-30 14:03:34.740539+00
523,スカパ・フロー,,,イギリス,2026-01-30 14:03:34.740539+00,2026-01-30 14:03:34.740539+00
524,ランディ島,,,イギリス,2026-01-30 14:03:34.740539+00,2026-01-30 14:03:34.740539+00
525,アラン諸島,,,アイルランド,2026-01-30 14:03:34.740539+00,2026-01-30 14:03:34.740539+00
526,ロフォーテン諸島,,,ノルウェー,2026-01-30 14:03:34.740539+00,2026-01-30 14:03:34.740539+00
527,グーレン,,,ノルウェー,2026-01-30 14:03:34.740539+00,2026-01-30 14:03:34.740539+00
528,バルト海,,,スウェーデン,2026-01-30 14:03:34.740539+00,2026-01-30 14:03:34.740539+00
529,バイカル湖,,,ロシア,2026-01-30 14:03:34.740539+00,2026-01-30 14:03:34.740539+00
530,ラルナカ,,,キプロス,2026-01-30 14:03:34.740539+00,2026-01-30 14:03:34.740539+00
531,サントリーニ島,,,ギリシャ,2026-01-30 14:03:34.740539+00,2026-01-30 14:03:34.740539+00
532,キオス島,,,ギリシャ,2026-01-30 14:03:34.740539+00,2026-01-30 14:03:34.740539+00
533,サルデーニャ島,,,イタリア,2026-01-30 14:03:34.740539+00,2026-01-30 14:03:34.740539+00
534,ウスティカ島,,,イタリア,2026-01-30 14:03:34.740539+00,2026-01-30 14:03:34.740539+00
535,コルシカ島,,,フランス,2026-01-30 14:03:34.740539+00,2026-01-30 14:03:34.740539+00
536,カナリア諸島,,,スペイン,2026-01-30 14:03:34.740539+00,2026-01-30 14:03:34.740539+00
537,テネリフェ島,,,スペイン,2026-01-30 14:03:34.740539+00,2026-01-30 14:03:34.740539+00
538,マデイラ島,,,ポルトガル,2026-01-30 14:03:34.740539+00,2026-01-30 14:03:34.740539+00
539,コルナティ国立公園,,,クロアチア,2026-01-30 14:03:34.740539+00,2026-01-30 14:03:34.740539+00
540,カシュ,,,トルコ,2026-01-30 14:03:34.740539+00,2026-01-30 14:03:34.740539+00
541,ラルボット海洋保護区,,,モナコ,2026-01-30 14:03:34.740539+00,2026-01-30 14:03:34.740539+00
542,レイテ島,,,フィリピン,2026-01-30 14:03:34.740539+00,2026-01-30 14:03:34.740539+00
543,サブライヤン,,,フィリピン,2026-01-30 14:03:34.740539+00,2026-01-30 14:03:34.740539+00
544,スービック湾,,,フィリピン,2026-01-30 14:03:34.740539+00,2026-01-30 14:03:34.740539+00
545,カミギン島,,,フィリピン,2026-01-30 14:03:34.740539+00,2026-01-30 14:03:34.740539+00
546,パングラオ島,,,フィリピン,2026-01-30 14:03:34.740539+00,2026-01-30 14:03:34.740539+00
547,サンボアンガ,,,フィリピン,2026-01-30 14:03:34.740539+00,2026-01-30 14:03:34.740539+00
548,バンカ島,,,インドネシア,2026-01-30 14:03:34.740539+00,2026-01-30 14:03:34.740539+00
549,ブリー,,,インドネシア,2026-01-30 14:03:34.740539+00,2026-01-30 14:03:34.740539+00
550,トギアン諸島,,,インドネシア,2026-01-30 14:03:34.740539+00,2026-01-30 14:03:34.740539+00
551,ウェ島,,,インドネシア,2026-01-30 14:03:34.740539+00,2026-01-30 14:03:34.740539+00
552,サンガラキ島,,,インドネシア,2026-01-30 14:03:34.740539+00,2026-01-30 14:03:34.740539+00
553,カカバン島,,,インドネシア,2026-01-30 14:03:34.740539+00,2026-01-30 14:03:34.740539+00
554,バリ島,,,インドネシア,2026-01-30 14:03:34.740539+00,2026-01-30 14:03:34.740539+00
555,アンボン,,,インドネシア,2026-01-30 14:03:34.740539+00,2026-01-30 14:03:34.740539+00
556,アタウロ島,,,東ティモール,2026-01-30 14:03:34.740539+00,2026-01-30 14:03:34.740539+00
557,ランカウイ島,,,マレーシア,2026-01-30 14:03:34.740539+00,2026-01-30 14:03:34.740539+00
558,クチン,,,マレーシア,2026-01-30 14:03:34.740539+00,2026-01-30 14:03:34.740539+00
559,ルコンニア礁,,,マレーシア,2026-01-30 14:03:34.740539+00,2026-01-30 14:03:34.740539+00
560,リペ島,,,タイ,2026-01-30 14:03:34.740539+00,2026-01-30 14:03:34.740539+00
561,チャン島,,,タイ,2026-01-30 14:03:34.740539+00,2026-01-30 14:03:34.740539+00
562,ランタ島,,,タイ,2026-01-30 14:03:34.740539+00,2026-01-30 14:03:34.740539+00
563,ホイアン,,,ベトナム,2026-01-30 14:03:34.740539+00,2026-01-30 14:03:34.740539+00
564,フーコック島,,,ベトナム,2026-01-30 14:03:34.740539+00,2026-01-30 14:03:34.740539+00
565,コ・タン,,,カンボジア,2026-01-30 14:03:34.740539+00,2026-01-30 14:03:34.740539+00
566,メルギー諸島,,,ミャンマー,2026-01-30 14:03:34.740539+00,2026-01-30 14:03:34.740539+00
567,ブルーホール,,,グアム,2026-01-30 14:03:34.740539+00,2026-01-30 14:03:34.740539+00
568,クレバス,,,グアム,2026-01-30 14:03:34.740539+00,2026-01-30 14:03:34.740539+00
569,東海丸,,,グアム,2026-01-30 14:03:34.740539+00,2026-01-30 14:03:34.740539+00
570,コスラエ島,,,ミクロネシア連邦,2026-01-30 14:03:34.740539+00,2026-01-30 14:03:34.740539+00
571,ポンペイ島,,,ミクロネシア連邦,2026-01-30 14:03:34.740539+00,2026-01-30 14:03:34.740539+00
572,マジュロ環礁,,,マーシャル諸島,2026-01-30 14:03:34.740539+00,2026-01-30 14:03:34.740539+00
573,クェゼリン環礁,,,マーシャル諸島,2026-01-30 14:03:34.740539+00,2026-01-30 14:03:34.740539+00
574,クリスマス島,,,キリバス,2026-01-30 14:03:34.740539+00,2026-01-30 14:03:34.740539+00
575,ナウル島,,,ナウル,2026-01-30 14:03:34.740539+00,2026-01-30 14:03:34.740539+00
576,ウポル島,,,サモア,2026-01-30 14:03:34.740539+00,2026-01-30 14:03:34.740539+00
577,カダブ島,,,フィジー,2026-01-30 14:03:34.740539+00,2026-01-30 14:03:34.740539+00
578,ママヌザ諸島,,,フィジー,2026-01-30 14:03:34.740539+00,2026-01-30 14:03:34.740539+00
579,ブラigh・ウォーター,,,フィジー,2026-01-30 14:03:34.740539+00,2026-01-30 14:03:34.740539+00
580,ボラボラ島,,,フランス領ポリネシア,2026-01-30 14:03:34.740539+00,2026-01-30 14:03:34.740539+00
581,モーレア島,,,フランス領ポリネシア,2026-01-30 14:03:34.740539+00,2026-01-30 14:03:34.740539+00
582,アイツタキ環礁,,,クック諸島,2026-01-30 14:03:34.740539+00,2026-01-30 14:03:34.740539+00
583,フロリダ,,,アメリカ,2026-01-30 14:03:34.740539+00,2026-01-30 14:03:34.740539+00
584,フロリダ,,,アメリカ,2026-01-30 14:03:34.740539+00,2026-01-30 14:03:34.740539+00
585,テキサス,,,アメリカ,2026-01-30 14:03:34.740539+00,2026-01-30 14:03:34.740539+00
586,ワシントン州,,,アメリカ,2026-01-30 14:03:34.740539+00,2026-01-30 14:03:34.740539+00
587,ミズーリ州,,,アメリカ,2026-01-30 14:03:34.740539+00,2026-01-30 14:03:34.740539+00
588,イスラ・ムヘーレス,,,メキシコ,2026-01-30 14:03:34.740539+00,2026-01-30 14:03:34.740539+00
589,プラヤ・デル・カルメン,,,メキシコ,2026-01-30 14:03:34.740539+00,2026-01-30 14:03:34.740539+00
590,バンコ・チンチョロ,,,メキシコ,2026-01-30 14:03:34.740539+00,2026-01-30 14:03:34.740539+00
591,ロレト,,,メキシコ,2026-01-30 14:03:34.740539+00,2026-01-30 14:03:34.740539+00
592,バット諸島,,,コスタリカ,2026-01-30 14:03:34.740539+00,2026-01-30 14:03:34.740539+00
593,カタリナ諸島,,,コスタリカ,2026-01-30 14:03:34.740539+00,2026-01-30 14:03:34.740539+00
594,カーニョ島,,,コスタリカ,2026-01-30 14:03:34.740539+00,2026-01-30 14:03:34.740539+00
595,ボカス・デル・トロ,,,パナマ,2026-01-30 14:03:34.740539+00,2026-01-30 14:03:34.740539+00
596,プロビデンシア島,,,コロンビア,2026-01-30 14:03:34.740539+00,2026-01-30 14:03:34.740539+00
597,サン・アンドレス島,,,コロンビア,2026-01-30 14:03:34.740539+00,2026-01-30 14:03:34.740539+00
598,ロス・ロケス諸島,,,ベネズエラ,2026-01-30 14:03:34.740539+00,2026-01-30 14:03:34.740539+00
599,トバゴ島,,,トリニダード・トバゴ,2026-01-30 14:03:34.740539+00,2026-01-30 14:03:34.740539+00
600,カーライル湾,,,バルバドス,2026-01-30 14:03:34.740539+00,2026-01-30 14:03:34.740539+00
601,スタティア海洋公園,,,セントユースタティウス,2026-01-30 14:03:34.740539+00,2026-01-30 14:03:34.740539+00
602,RMSローヌ,,,イギリス領ヴァージン諸島,2026-01-30 14:03:34.740539+00,2026-01-30 14:03:34.740539+00
603,セントクロイ島,,,アメリカ領ヴァージン諸島,2026-01-30 14:03:34.740539+00,2026-01-30 14:03:34.740539+00
604,バミューダ諸島,,,バミューダ,2026-01-30 14:03:34.740539+00,2026-01-30 14:03:34.740539+00
605,セントキッツ島,,,セントクリストファー・ネイビス,2026-01-30 14:03:34.740539+00,2026-01-30 14:03:34.740539+00
606,スコッツヘッド,,,ドミニカ国,2026-01-30 14:03:34.740539+00,2026-01-30 14:03:34.740539+00
607,ジャック・クストー保護区,,,グアドループ,2026-01-30 14:03:34.740539+00,2026-01-30 14:03:34.740539+00
608,ダイヤモンドロック,,,マルティニーク,2026-01-30 14:03:34.740539+00,2026-01-30 14:03:34.740539+00
609,マルサ・アラム,,,エジプト,2026-01-30 14:03:34.740539+00,2026-01-30 14:03:34.740539+00
610,セントジョンズ・リーフ,,,エジプト,2026-01-30 14:03:34.740539+00,2026-01-30 14:03:34.740539+00
611,サファガ,,,エジプト,2026-01-30 14:03:34.740539+00,2026-01-30 14:03:34.740539+00
612,ウンブリア号,,,スーダン,2026-01-30 14:03:34.740539+00,2026-01-30 14:03:34.740539+00
613,ファラサン・バンクス,,,サウジアラビア,2026-01-30 14:03:34.740539+00,2026-01-30 14:03:34.740539+00
614,サル島,,,カーボベルデ,2026-01-30 14:03:34.740539+00,2026-01-30 14:03:34.740539+00
615,マフィア島,,,タンザニア,2026-01-30 14:03:34.740539+00,2026-01-30 14:03:34.740539+00
616,ペンバ島,,,タンザニア,2026-01-30 14:03:34.740539+00,2026-01-30 14:03:34.740539+00
617,ポンタ・ド・オウロ,,,モザンビーク,2026-01-30 14:03:34.740539+00,2026-01-30 14:03:34.740539+00
618,バザルト諸島,,,モザンビーク,2026-01-30 14:03:34.740539+00,2026-01-30 14:03:34.740539+00
619,サント・マリー島,,,マダガスカル,2026-01-30 14:03:34.740539+00,2026-01-30 14:03:34.740539+00
620,プラスリン島,,,セイシェル,2026-01-30 14:03:34.740539+00,2026-01-30 14:03:34.740539+00
621,モヘリ島,,,コモロ,2026-01-30 14:03:34.740539+00,2026-01-30 14:03:34.740539+00
622,コイン・ド・ミール,,,モーリシャス,2026-01-30 14:03:34.740539+00,2026-01-30 14:03:34.740539+00
623,サン・ジル,,,レユニオン,2026-01-30 14:03:34.740539+00,2026-01-30 14:03:34.740539+00
624,コスタ・ブラバ,,,スペイン,2026-01-30 14:03:34.740539+00,2026-01-30 14:03:34.740539+00
625,バレアレス諸島,,,スペイン,2026-01-30 14:03:34.740539+00,2026-01-30 14:03:34.740539+00
626,グラン・カナリア島,,,スペイン,2026-01-30 14:03:34.740539+00,2026-01-30 14:03:34.740539+00
627,アルガルヴェ,,,ポルトガル,2026-01-30 14:03:34.740539+00,2026-01-30 14:03:34.740539+00
628,ポール・クロ国立公園,,,フランス,2026-01-30 14:03:34.740539+00,2026-01-30 14:03:34.740539+00
629,マルセイユ,,,フランス,2026-01-30 14:03:34.740539+00,2026-01-30 14:03:34.740539+00
630,エルバ島,,,イタリア,2026-01-30 14:03:34.740539+00,2026-01-30 14:03:34.740539+00
631,ランペドゥーザ島,,,イタリア,2026-01-30 14:03:34.740539+00,2026-01-30 14:03:34.740539+00
632,コトル湾,,,モンテネグロ,2026-01-30 14:03:34.740539+00,2026-01-30 14:03:34.740539+00
633,サランダ,,,アルバニア,2026-01-30 14:03:34.740539+00,2026-01-30 14:03:34.740539+00
634,ザキントス島,,,ギリシャ,2026-01-30 14:03:34.740539+00,2026-01-30 14:03:34.740539+00
635,ミコノス島,,,ギリシャ,2026-01-30 14:03:34.740539+00,2026-01-30 14:03:34.740539+00
636,アイア・ナパ,,,キプロス,2026-01-30 14:03:34.740539+00,2026-01-30 14:03:34.740539+00
637,コミノ島,,,マルタ,2026-01-30 14:03:34.740539+00,2026-01-30 14:03:34.740539+00
638,南オーストラリア,,,オーストラリア,2026-01-30 14:03:34.740539+00,2026-01-30 14:03:34.740539+00
639,メルボルン,,,オーストラリア,2026-01-30 14:03:34.740539+00,2026-01-30 14:03:34.740539+00
640,タスマニア,,,オーストラリア,2026-01-30 14:03:34.740539+00,2026-01-30 14:03:34.740539+00
641,ミルフォード・サウンド,,,ニュージーランド,2026-01-30 14:03:34.740539+00,2026-01-30 14:03:34.740539+00
642,ホワイト島,,,ニュージーランド,2026-01-30 14:03:34.740539+00,2026-01-30 14:03:34.740539+00
643,南極半島,,,南極,2026-01-30 14:03:34.740539+00,2026-01-30 14:03:34.740539+00
644,スピッツベルゲン島,,,北極,2026-01-30 14:03:34.740539+00,2026-01-30 14:03:34.740539+00
645,アンダマン諸島,,,インド,2026-01-30 14:03:34.740539+00,2026-01-30 14:03:34.740539+00
646,アンダマン諸島,,,インド,2026-01-30 14:03:34.740539+00,2026-01-30 14:03:34.740539+00
647,ラクシャドウィープ諸島,,,インド,2026-01-30 14:03:34.740539+00,2026-01-30 14:03:34.740539+00
648,ゴア,,,インド,2026-01-30 14:03:34.740539+00,2026-01-30 14:03:34.740539+00
649,ネトラニ島,,,インド,2026-01-30 14:03:34.740539+00,2026-01-30 14:03:34.740539+00
650,ポンディシェリ,,,インド,2026-01-30 14:03:34.740539+00,2026-01-30 14:03:34.740539+00
651,カルピティヤ,,,スリランカ,2026-01-30 14:03:34.740539+00,2026-01-30 14:03:34.740539+00
652,キリンダ,,,スリランカ,2026-01-30 14:03:34.740539+00,2026-01-30 14:03:34.740539+00
653,コロンボ,,,スリランカ,2026-01-30 14:03:34.740539+00,2026-01-30 14:03:34.740539+00
654,チュルナ島,,,パキスタン,2026-01-30 14:03:34.740539+00,2026-01-30 14:03:34.740539+00
655,セントマーチン島,,,バングラデシュ,2026-01-30 14:03:34.740539+00,2026-01-30 14:03:34.740539+00
656,ラーム環礁,,,モルディブ,2026-01-30 14:03:34.740539+00,2026-01-30 14:03:34.740539+00
657,アッドゥ環礁,,,モルディブ,2026-01-30 14:03:34.740539+00,2026-01-30 14:03:34.740539+00
658,ガーフ環礁,,,モルディブ,2026-01-30 14:03:34.740539+00,2026-01-30 14:03:34.740539+00
659,トリトン・ベイ,,,インドネシア,2026-01-30 14:03:34.740539+00,2026-01-30 14:03:34.740539+00
660,ハルマヘラ島,,,インドネシア,2026-01-30 14:03:34.740539+00,2026-01-30 14:03:34.740539+00
661,モロタイ島,,,インドネシア,2026-01-30 14:03:34.740539+00,2026-01-30 14:03:34.740539+00
662,スンバ島,,,インドネシア,2026-01-30 14:03:34.740539+00,2026-01-30 14:03:34.740539+00
663,ティモール島,,,インドネシア,2026-01-30 14:03:34.740539+00,2026-01-30 14:03:34.740539+00
664,サンギヘ諸島,,,インドネシア,2026-01-30 14:03:34.740539+00,2026-01-30 14:03:34.740539+00
665,ティカオ島,,,フィリピン,2026-01-30 14:03:34.740539+00,2026-01-30 14:03:34.740539+00
666,サマール島,,,フィリピン,2026-01-30 14:03:34.740539+00,2026-01-30 14:03:34.740539+00
667,パナイ島,,,フィリピン,2026-01-30 14:03:34.740539+00,2026-01-30 14:03:34.740539+00
668,ミンダナオ島,,,フィリピン,2026-01-30 14:03:34.740539+00,2026-01-30 14:03:34.740539+00
669,ディナガット諸島,,,フィリピン,2026-01-30 14:03:34.740539+00,2026-01-30 14:03:34.740539+00
670,レダン島,,,マレーシア,2026-01-30 14:03:34.740539+00,2026-01-30 14:03:34.740539+00
671,テンゴル島,,,マレーシア,2026-01-30 14:03:34.740539+00,2026-01-30 14:03:34.740539+00
672,ラン・テンガ島,,,マレーシア,2026-01-30 14:03:34.740539+00,2026-01-30 14:03:34.740539+00
673,コ・ハー,,,タイ,2026-01-30 14:03:34.740539+00,2026-01-30 14:03:34.740539+00
674,トラン,,,タイ,2026-01-30 14:03:34.740539+00,2026-01-30 14:03:34.740539+00
675,スリン諸島,,,タイ,2026-01-30 14:03:34.740539+00,2026-01-30 14:03:34.740539+00
676,コ・コン,,,カンボジア,2026-01-30 14:03:34.740539+00,2026-01-30 14:03:34.740539+00
677,ウェール島,,,ベトナム,2026-01-30 14:03:34.740539+00,2026-01-30 14:03:34.740539+00
678,クリスマス島,,,オーストラリア,2026-01-30 14:03:34.740539+00,2026-01-30 14:03:34.740539+00
679,ココス諸島,,,オーストラリア,2026-01-30 14:03:34.740539+00,2026-01-30 14:03:34.740539+00
680,ジャービス湾,,,オーストラリア,2026-01-30 14:03:34.740539+00,2026-01-30 14:03:34.740539+00
681,バイロンベイ,,,オーストラリア,2026-01-30 14:03:34.740539+00,2026-01-30 14:03:34.740539+00
682,ウロンゴン,,,オーストラリア,2026-01-30 14:03:34.740539+00,2026-01-30 14:03:34.740539+00
683,エスペランス,,,オーストラリア,2026-01-30 14:03:34.740539+00,2026-01-30 14:03:34.740539+00
684,カイコウラ,,,ニュージーランド,2026-01-30 14:03:34.740539+00,2026-01-30 14:03:34.740539+00
685,スチュアート島,,,ニュージーランド,2026-01-30 14:03:34.740539+00,2026-01-30 14:03:34.740539+00
686,コロマンデル半島,,,ニュージーランド,2026-01-30 14:03:34.740539+00,2026-01-30 14:03:34.740539+00
687,ラバウル,,,パプアニューギニア,2026-01-30 14:03:34.740539+00,2026-01-30 14:03:34.740539+00
688,ケビエン,,,パプアニューギニア,2026-01-30 14:03:34.740539+00,2026-01-30 14:03:34.740539+00
689,トゥフィ,,,パプアニューギニア,2026-01-30 14:03:34.740539+00,2026-01-30 14:03:34.740539+00
690,フロリダ諸島,,,ソロモン諸島,2026-01-30 14:03:34.740539+00,2026-01-30 14:03:34.740539+00
691,マロボ・ラグーン,,,ソロモン諸島,2026-01-30 14:03:34.740539+00,2026-01-30 14:03:34.740539+00
692,タンナ島,,,バヌアツ,2026-01-30 14:03:34.740539+00,2026-01-30 14:03:34.740539+00
693,ハアパイ諸島,,,トンガ,2026-01-30 14:03:34.740539+00,2026-01-30 14:03:34.740539+00
694,リフー島,,,ニューカレドニア,2026-01-30 14:03:34.740539+00,2026-01-30 14:03:34.740539+00
695,ウベア島,,,ニューカレドニア,2026-01-30 14:03:34.740539+00,2026-01-30 14:03:34.740539+00
696,ウリシー環礁,,,ミクロネシア連邦,2026-01-30 14:03:34.740539+00,2026-01-30 14:03:34.740539+00
697,フロリダ,,,アメリカ,2026-01-30 14:03:34.740539+00,2026-01-30 14:03:34.740539+00
698,フロリダ,,,アメリカ,2026-01-30 14:03:34.740539+00,2026-01-30 14:03:34.740539+00
699,フロリダ,,,アメリカ,2026-01-30 14:03:34.740539+00,2026-01-30 14:03:34.740539+00
700,マサチューセッツ,,,アメリカ,2026-01-30 14:03:34.740539+00,2026-01-30 14:03:34.740539+00
701,五大湖,,,アメリカ,2026-01-30 14:03:34.740539+00,2026-01-30 14:03:34.740539+00
702,ニューファンドランド,,,カナダ,2026-01-30 14:03:34.740539+00,2026-01-30 14:03:34.740539+00
703,ノバスコシア,,,カナダ,2026-01-30 14:03:34.740539+00,2026-01-30 14:03:34.740539+00
704,ファンディ湾,,,カナダ,2026-01-30 14:03:34.740539+00,2026-01-30 14:03:34.740539+00
705,バークレー・サウンド,,,カナダ,2026-01-30 14:03:34.740539+00,2026-01-30 14:03:34.740539+00
706,チアパス,,,メキシコ,2026-01-30 14:03:34.740539+00,2026-01-30 14:03:34.740539+00
707,ベラクルス,,,メキシコ,2026-01-30 14:03:34.740539+00,2026-01-30 14:03:34.740539+00
708,アティトラン湖,,,グアテマラ,2026-01-30 14:03:34.740539+00,2026-01-30 14:03:34.740539+00
709,コーン・アイランド,,,ニカラグア,2026-01-30 14:03:34.740539+00,2026-01-30 14:03:34.740539+00
710,ポルトベロ,,,パナマ,2026-01-30 14:03:34.740539+00,2026-01-30 14:03:34.740539+00
711,パール諸島,,,パナマ,2026-01-30 14:03:34.740539+00,2026-01-30 14:03:34.740539+00
712,ネグリル,,,ジャマイカ,2026-01-30 14:03:34.740539+00,2026-01-30 14:03:34.740539+00
713,オーチョ・リオス,,,ジャマイカ,2026-01-30 14:03:34.740539+00,2026-01-30 14:03:34.740539+00
714,ポート・ロイヤル,,,ジャマイカ,2026-01-30 14:03:34.740539+00,2026-01-30 14:03:34.740539+00
715,ラバディー,,,ハイチ,2026-01-30 14:03:34.740539+00,2026-01-30 14:03:34.740539+00
716,サオナ島,,,ドミニカ共和国,2026-01-30 14:03:34.740539+00,2026-01-30 14:03:34.740539+00
717,カタリーナ島,,,ドミニカ共和国,2026-01-30 14:03:34.740539+00,2026-01-30 14:03:34.740539+00
718,アンティグア島,,,アンティグア・バーブーダ,2026-01-30 14:03:34.740539+00,2026-01-30 14:03:34.740539+00
719,モントセラト島,,,モントセラト,2026-01-30 14:03:34.740539+00,2026-01-30 14:03:34.740539+00
720,ベキア島,,,セントビンセント・グレナディーン,2026-01-30 14:03:34.740539+00,2026-01-30 14:03:34.740539+00
721,パーム島,,,アルバ,2026-01-30 14:03:34.740539+00,2026-01-30 14:03:34.740539+00
722,ラジェ・デ・サントス,,,ブラジル,2026-01-30 14:03:34.740539+00,2026-01-30 14:03:34.740539+00
723,アライアル・ド・カボ,,,ブラジル,2026-01-30 14:03:34.740539+00,2026-01-30 14:03:34.740539+00
724,レシフェ,,,ブラジル,2026-01-30 14:03:34.740539+00,2026-01-30 14:03:34.740539+00
725,プエルト・マドリン,,,アルゼンチン,2026-01-30 14:03:34.740539+00,2026-01-30 14:03:34.740539+00
726,ウシュアイア,,,アルゼンチン,2026-01-30 14:03:34.740539+00,2026-01-30 14:03:34.740539+00
727,プンタ・デ・チョロス,,,チリ,2026-01-30 14:03:34.740539+00,2026-01-30 14:03:34.740539+00
728,ロビンソン・クルーソー島,,,チリ,2026-01-30 14:03:34.740539+00,2026-01-30 14:03:34.740539+00
729,タイロナ国立公園,,,コロンビア,2026-01-30 14:03:34.740539+00,2026-01-30 14:03:34.740539+00
730,ゴルゴナ島,,,コロンビア,2026-01-30 14:03:34.740539+00,2026-01-30 14:03:34.740539+00
731,マチャリジャ国立公園,,,エクアドル,2026-01-30 14:03:34.740539+00,2026-01-30 14:03:34.740539+00
732,マンコラ,,,ペルー,2026-01-30 14:03:34.740539+00,2026-01-30 14:03:34.740539+00
733,ベルレンガス諸島,,,ポルトガル,2026-01-30 14:03:34.740539+00,2026-01-30 14:03:34.740539+00
734,セジンブラ,,,ポルトガル,2026-01-30 14:03:34.740539+00,2026-01-30 14:03:34.740539+00
735,カボ・デ・パロス,,,スペイン,2026-01-30 14:03:34.740539+00,2026-01-30 14:03:34.740539+00
736,タバルカ島,,,スペイン,2026-01-30 14:03:34.740539+00,2026-01-30 14:03:34.740539+00
737,カランク国立公園,,,フランス,2026-01-30 14:03:34.740539+00,2026-01-30 14:03:34.740539+00
738,グレナン諸島,,,フランス,2026-01-30 14:03:34.740539+00,2026-01-30 14:03:34.740539+00
739,カプリ島,,,イタリア,2026-01-30 14:03:34.740539+00,2026-01-30 14:03:34.740539+00
740,バイア海底考古学公園,,,イタリア,2026-01-30 14:03:34.740539+00,2026-01-30 14:03:34.740539+00
741,ポルトフィノ,,,イタリア,2026-01-30 14:03:34.740539+00,2026-01-30 14:03:34.740539+00
742,クレタ島,,,ギリシャ,2026-01-30 14:03:34.740539+00,2026-01-30 14:03:34.740539+00
743,アロニソス島,,,ギリシャ,2026-01-30 14:03:34.740539+00,2026-01-30 14:03:34.740539+00
744,ボドルム,,,トルコ,2026-01-30 14:03:34.740539+00,2026-01-30 14:03:34.740539+00
745,フェティエ,,,トルコ,2026-01-30 14:03:34.740539+00,2026-01-30 14:03:34.740539+00
746,ムリェト島,,,クロアチア,2026-01-30 14:03:34.740539+00,2026-01-30 14:03:34.740539+00
747,サントメ島,,,サントメ・プリンシペ,2026-01-30 14:03:34.740539+00,2026-01-30 14:03:34.740539+00
748,ダカール,,,セネガル,2026-01-30 14:03:34.740539+00,2026-01-30 14:03:34.740539+00
749,タバルカ,,,チュニジア,2026-01-30 14:03:34.740539+00,2026-01-30 14:03:34.740539+00
750,ジブラルタル海峡,,,モロッコ,2026-01-30 14:03:34.740539+00,2026-01-30 14:03:34.740539+00
751,済州島,,,韓国,2026-01-30 14:03:34.740539+00,2026-01-30 14:03:34.740539+00
752,江陵,,,韓国,2026-01-30 14:03:34.740539+00,2026-01-30 14:03:34.740539+00
753,千島湖,,,中国,2026-01-30 14:03:34.740539+00,2026-01-30 14:03:34.740539+00
754,海南島,,,中国,2026-01-30 14:03:34.740539+00,2026-01-30 14:03:34.740539+00
755,西貢,,,香港,2026-01-30 14:03:34.740539+00,2026-01-30 14:03:34.740539+00
756,墾丁,,,台湾,2026-01-30 14:03:34.740539+00,2026-01-30 14:03:34.740539+00
757,澎湖諸島,,,台湾,2026-01-30 14:03:34.740539+00,2026-01-30 14:03:34.740539+00
765,ウラジオストク,,,ロシア,2026-01-30 14:03:34.740539+00,2026-01-30 14:03:34.740539+00
766,白海,,,ロシア,2026-01-30 14:03:34.740539+00,2026-01-30 14:03:34.740539+00
767,オヤモ鉱山,,,フィンランド,2026-01-30 14:03:34.740539+00,2026-01-30 14:03:34.740539+00
768,ルム採石場,,,エストニア,2026-01-30 14:03:34.740539+00,2026-01-30 14:03:34.740539+00
769,ルライ川,,,スウェーデン,2026-01-30 14:03:34.740539+00,2026-01-30 14:03:34.740539+00
770,サルトストラウメン,,,ノルウェー,2026-01-30 14:03:34.740539+00,2026-01-30 14:03:34.740539+00
771,リレベルト,,,デンマーク,2026-01-30 14:03:34.740539+00,2026-01-30 14:03:34.740539+00
772,ヘムモール,,,ドイツ,2026-01-30 14:03:34.740539+00,2026-01-30 14:03:34.740539+00
773,フェルンシュタイン湖,,,オーストリア,2026-01-30 14:03:34.740539+00,2026-01-30 14:03:34.740539+00
774,アッター湖,,,オーストリア,2026-01-30 14:03:34.740539+00,2026-01-30 14:03:34.740539+00
775,サマランガー湖,,,オーストリア,2026-01-30 14:03:34.740539+00,2026-01-30 14:03:34.740539+00
776,ヴェルザスカ川,,,スイス,2026-01-30 14:03:34.740539+00,2026-01-30 14:03:34.740539+00
777,レマン湖,,,スイス,2026-01-30 14:03:34.740539+00,2026-01-30 14:03:34.740539+00
778,Nemo 33,,,ベルギー,2026-01-30 14:03:34.740539+00,2026-01-30 14:03:34.740539+00
779,Deepspot,,,ポーランド,2026-01-30 14:03:34.740539+00,2026-01-30 14:03:34.740539+00
780,Y-40 The Deep Joy,,,イタリア,2026-01-30 14:03:34.740539+00,2026-01-30 14:03:34.740539+00
781,カポ・ダルクア湖,,,イタリア,2026-01-30 14:03:34.740539+00,2026-01-30 14:03:34.740539+00
782,モルナール・ヤノーシュ洞窟,,,ハンガリー,2026-01-30 14:03:34.740539+00,2026-01-30 14:03:34.740539+00
783,ストライタン,,,アイスランド,2026-01-30 14:03:34.740539+00,2026-01-30 14:03:34.740539+00
784,タシーラク,,,グリーンランド,2026-01-30 14:03:34.740539+00,2026-01-30 14:03:34.740539+00
785,プリンス・ウィリアム湾,,,アラスカ,2026-01-30 14:03:34.740539+00,2026-01-30 14:03:34.740539+00
786,セントローレンス川,,,カナダ,2026-01-30 14:03:34.740539+00,2026-01-30 14:03:34.740539+00
787,バークレー・サウンド,,,カナダ,2026-01-30 14:03:34.740539+00,2026-01-30 14:03:34.740539+00
788,ユタ州,,,アメリカ,2026-01-30 14:03:34.740539+00,2026-01-30 14:03:34.740539+00
789,レイク・タホ,,,アメリカ,2026-01-30 14:03:34.740539+00,2026-01-30 14:03:34.740539+00
790,フロリダ,,,アメリカ,2026-01-30 14:03:34.740539+00,2026-01-30 14:03:34.740539+00
791,フロリダ,,,アメリカ,2026-01-30 14:03:34.740539+00,2026-01-30 14:03:34.740539+00
792,ハワイ,,,アメリカ,2026-01-30 14:03:34.740539+00,2026-01-30 14:03:34.740539+00
793,セノーテ・ドス・オホス,,,メキシコ,2026-01-30 14:03:34.740539+00,2026-01-30 14:03:34.740539+00
794,セノーテ・アンヘリータ,,,メキシコ,2026-01-30 14:03:34.740539+00,2026-01-30 14:03:34.740539+00
795,セノーテ・エル・ピット,,,メキシコ,2026-01-30 14:03:34.740539+00,2026-01-30 14:03:34.740539+00
796,ホル・チャン海洋保護区,,,ベリーズ,2026-01-30 14:03:34.740539+00,2026-01-30 14:03:34.740539+00
797,カヨス・コチノス,,,ホンジュラス,2026-01-30 14:03:34.740539+00,2026-01-30 14:03:34.740539+00
798,イロパンゴ湖,,,エルサルバドル,2026-01-30 14:03:34.740539+00,2026-01-30 14:03:34.740539+00
799,ガン・ドカ・マンサニージョ,,,コスタリカ,2026-01-30 14:03:34.740539+00,2026-01-30 14:03:34.740539+00
800,ガツン湖,,,パナマ,2026-01-30 14:03:34.740539+00,2026-01-30 14:03:34.740539+00
801,ボニート,,,ブラジル,2026-01-30 14:03:34.740539+00,2026-01-30 14:03:34.740539+00
802,ボニート,,,ブラジル,2026-01-30 14:03:34.740539+00,2026-01-30 14:03:34.740539+00
803,グアラパリ,,,ブラジル,2026-01-30 14:03:34.740539+00,2026-01-30 14:03:34.740539+00
804,ロス・モレス,,,チリ,2026-01-30 14:03:34.740539+00,2026-01-30 14:03:34.740539+00
805,マクマード湾,,,南極,2026-01-30 14:03:34.740539+00,2026-01-30 14:03:34.740539+00
806,タスマニア,,,オーストラリア,2026-01-30 14:03:34.740539+00,2026-01-30 14:03:34.740539+00
807,ロード・ハウ島,,,オーストラリア,2026-01-30 14:03:34.740539+00,2026-01-30 14:03:34.740539+00
808,ミリオン・ダラー・ポイント,,,バヌアツ,2026-01-30 14:03:34.740539+00,2026-01-30 14:03:34.740539+00
809,テニア島,,,ニューカレドニア,2026-01-30 14:03:34.740539+00,2026-01-30 14:03:34.740539+00
810,ナメナ海洋保護区,,,フィジー,2026-01-30 14:03:34.740539+00,2026-01-30 14:03:34.740539+00
811,エウア島,,,トンガ,2026-01-30 14:03:34.740539+00,2026-01-30 14:03:34.740539+00
812,パロロ・ディープ海洋保護区,,,サモア,2026-01-30 14:03:34.740539+00,2026-01-30 14:03:34.740539+00
813,シャンデリア・ケーブ,,,パル,2026-01-30 14:03:34.740539+00,2026-01-30 14:03:34.740539+00
814,バーティゴ,,,ヤップ,2026-01-30 14:03:34.740539+00,2026-01-30 14:03:34.740539+00
815,クバル島,,,クウェート,2026-01-30 14:03:34.740539+00,2026-01-30 14:03:34.740539+00
816,オールド・クラブ・リーフ,,,カタール,2026-01-30 14:03:34.740539+00,2026-01-30 14:03:34.740539+00
817,ジェッダ,,,サウジアラビア,2026-01-30 14:03:34.740539+00,2026-01-30 14:03:34.740539+00
818,ヤンブー,,,サウジアラビア,2026-01-30 14:03:34.740539+00,2026-01-30 14:03:34.740539+00
819,Deep Dive Dubai,,,アラブ首長国連邦,2026-01-30 14:03:34.740539+00,2026-01-30 14:03:34.740539+00
820,マスカット,,,オマーン,2026-01-30 14:03:34.740539+00,2026-01-30 14:03:34.740539+00
821,ミラバット,,,オマーン,2026-01-30 14:03:34.740539+00,2026-01-30 14:03:34.740539+00
822,ダフラク諸島,,,エリトリア,2026-01-30 14:03:34.740539+00,2026-01-30 14:03:34.740539+00
823,セブン・ブラザーズ諸島,,,ジブチ,2026-01-30 14:03:34.740539+00,2026-01-30 14:03:34.740539+00
824,キシテ・ムプングティ海洋公園,,,ケニア,2026-01-30 14:03:34.740539+00,2026-01-30 14:03:34.740539+00
825,キルワ,,,タンザニア,2026-01-30 14:03:34.740539+00,2026-01-30 14:03:34.740539+00
826,Sパス,,,マヨット島,2026-01-30 14:03:34.740539+00,2026-01-30 14:03:34.740539+00
827,キャップ・ラ・ウセイ,,,レユニオン島,2026-01-30 14:03:34.740539+00,2026-01-30 14:03:34.740539+00
828,ソドワナ・ベイ,,,南アフリカ,2026-01-30 14:03:34.740539+00,2026-01-30 14:03:34.740539+00
829,ケープタウン,,,南アフリカ,2026-01-30 14:03:34.740539+00,2026-01-30 14:03:34.740539+00
830,オチコト湖,,,ナミビア,2026-01-30 14:03:34.740539+00,2026-01-30 14:03:34.740539+00
831,セントヘレナ,,,セントヘレナ島,2026-01-30 14:03:34.740539+00,2026-01-30 14:03:34.740539+00
832,ランサローテ島,,,スペイン,2026-01-30 14:03:34.740539+00,2026-01-30 14:03:34.740539+00
833,アゾレス諸島,,,ポルトガル,2026-01-30 14:03:34.740539+00,2026-01-30 14:03:34.740539+00
834,HMSマオリ,,,マルタ,2026-01-30 14:03:34.740539+00,2026-01-30 14:03:34.740539+00
835,ペリステラ,,,ギリシャ,2026-01-30 14:03:34.740539+00,2026-01-30 14:03:34.740539+00
836,ガリポリ,,,トルコ,2026-01-30 14:03:34.740539+00,2026-01-30 14:03:34.740539+00
837,アル・ホセイマ,,,モロッコ,2026-01-30 14:03:34.740539+00,2026-01-30 14:03:34.740539+00
838,バスコ,,,フィリピン,2026-01-30 14:03:34.740539+00,2026-01-30 14:03:34.740539+00
839,ハンドゥルアン島,,,フィリピン,2026-01-30 14:03:34.740539+00,2026-01-30 14:03:34.740539+00
840,ウジュン・クロン国立公園,,,インドネシア,2026-01-30 14:03:34.740539+00,2026-01-30 14:03:34.740539+00
841,セリブ諸島,,,インドネシア,2026-01-30 14:03:34.740539+00,2026-01-30 14:03:34.740539+00
842,ルダン島,,,マレーシア,2026-01-30 14:03:34.740539+00,2026-01-30 14:03:34.740539+00
843,ティオマン島,,,マレーシア,2026-01-30 14:03:34.740539+00,2026-01-30 14:03:34.740539+00
844,スワンナプーム,,,タイ,2026-01-30 14:03:34.740539+00,2026-01-30 14:03:34.740539+00
845,ブラックロック,,,ミャンマー,2026-01-30 14:03:34.740539+00,2026-01-30 14:03:34.740539+00
846,フィッシュヘッド,,,モルディブ,2026-01-30 14:03:34.740539+00,2026-01-30 14:03:34.740539+00
847,バナナリーフ,,,モルディブ,2026-01-30 14:03:34.740539+00,2026-01-30 14:03:34.740539+00
848,マンタポイント,,,モルディブ,2026-01-30 14:03:34.740539+00,2026-01-30 14:03:34.740539+00
849,SSシストルゴーム,,,エジプト,2026-01-30 14:03:34.740539+00,2026-01-30 14:03:34.740539+00
850,ラス・モハメッド国立公園,,,エジプト,2026-01-30 14:03:34.740539+00,2026-01-30 14:03:34.740539+00
851,ジャック・クストーの海中家屋,,,スーダン,2026-01-30 14:03:34.740539+00,2026-01-30 14:03:34.740539+00
852,ネイビー・ピア,,,オーストラリア,2026-01-30 14:03:34.740539+00,2026-01-30 14:03:34.740539+00
853,コッド・ホール,,,オーストラリア,2026-01-30 14:03:34.740539+00,2026-01-30 14:03:34.740539+00
854,オスプレイ・リーフ,,,オーストラリア,2026-01-30 14:03:34.740539+00,2026-01-30 14:03:34.740539+00
855,エドゥアルドズ・ポイント,,,パプアニューギニア,2026-01-30 14:03:34.740539+00,2026-01-30 14:03:34.740539+00
856,トア丸,,,ソロモン諸島,2026-01-30 14:03:34.740539+00,2026-01-30 14:03:34.740539+00
857,水中郵便局,,,バヌアツ,2026-01-30 14:03:34.740539+00,2026-01-30 14:03:34.740539+00
858,サンフランシスコ丸,,,ミクロネシア,2026-01-30 14:03:34.740539+00,2026-01-30 14:03:34.740539+00
859,富士川丸,,,ミクロネシア,2026-01-30 14:03:34.740539+00,2026-01-30 14:03:34.740539+00
860,プリンツ・オイゲン,,,マーシャル諸島,2026-01-30 14:03:34.740539+00,2026-01-30 14:03:34.740539+00
861,USSオリスカニー,,,アメリカ,2026-01-30 14:03:34.740539+00,2026-01-30 14:03:34.740539+00
862,USSスピーゲル・グローブ,,,アメリカ,2026-01-30 14:03:34.740539+00,2026-01-30 14:03:34.740539+00
863,スプーキー・チャンネル,,,アメリカ,2026-01-30 14:03:34.740539+00,2026-01-30 14:03:34.740539+00
864,スティングレイ・シティ,,,ケイマン諸島,2026-01-30 14:03:34.740539+00,2026-01-30 14:03:34.740539+00
865,ディーンズ・ブルーホール,,,バハマ,2026-01-30 14:03:34.740539+00,2026-01-30 14:03:34.740539+00
866,MUSA,,,メキシコ,2026-01-30 14:03:34.740539+00,2026-01-30 14:03:34.740539+00
867,ブルシャーク・ポイント,,,メキシコ,2026-01-30 14:03:34.740539+00,2026-01-30 14:03:34.740539+00
868,ハーフムーン・キー,,,ベリーズ,2026-01-30 14:03:34.740539+00,2026-01-30 14:03:34.740539+00
869,ヒルマ・フッカー号,,,オランダ領アンティル,2026-01-30 14:03:34.740539+00,2026-01-30 14:03:34.740539+00
870,ペデルナレス号,,,アルバ,2026-01-30 14:03:34.740539+00,2026-01-30 14:03:34.740539+00
871,水中彫刻公園,,,グレナダ,2026-01-30 14:03:34.740539+00,2026-01-30 14:03:34.740539+00
872,クリスタルリバー,,,ブラジル,2026-01-30 14:03:34.740539+00,2026-01-30 14:03:34.740539+00
873,プエルト・モン,,,チリ,2026-01-30 14:03:34.740539+00,2026-01-30 14:03:34.740539+00
874,ナルヴィク,,,ノルウェー,2026-01-30 14:03:34.740539+00,2026-01-30 14:03:34.740539+00
875,シリー諸島,,,イギリス,2026-01-30 14:03:34.740539+00,2026-01-30 14:03:34.740539+00
876,ファーン諸島,,,イギリス,2026-01-30 14:03:34.740539+00,2026-01-30 14:03:34.740539+00
877,メディテラネ,,,フランス,2026-01-30 14:03:34.740539+00,2026-01-30 14:03:34.740539+00
878,メノルカ島,,,スペイン,2026-01-30 14:03:34.740539+00,2026-01-30 14:03:34.740539+00
879,ミロス島,,,ギリシャ,2026-01-30 14:03:34.740539+00,2026-01-30 14:03:34.740539+00
880,バロン・ゴーシュ,,,クロアチア,2026-01-30 14:03:34.740539+00,2026-01-30 14:03:34.740539+00
881,シダー・プライド,,,ヨルダン,2026-01-30 14:03:34.740539+00,2026-01-30 14:03:34.740539+00
882,グリーン・レイク,,,オーストリア,2026-01-30 14:03:34.740539+00,2026-01-30 14:03:34.740539+00