id,model,brand,created_at
80,ATNA 170ガラスドームポートNS OPD-F170V-NS,,2025-11-03 00:48:40.228212+00
81,ATNA 200ガラスドームポートNS OPD-F200V-NS,,2025-11-03 00:48:40.549567+00
82,"ATNA OPD-F100-AOI-B82 ",,2025-11-03 00:48:40.863289+00
83,DLP-01 OM-D,,2025-11-03 00:48:41.209063+00
84,DLP-02 OM-D,,2025-11-03 00:48:41.52286+00
85,DLP-03P,,2025-11-03 00:48:41.847912+00
86,DLP-04P,,2025-11-03 00:48:42.171732+00
87,DLP-05,,2025-11-03 00:48:42.488882+00
88,DLP-06,,2025-11-03 00:48:42.814361+00
89,DLP-09,,2025-11-03 00:48:43.128391+00
90,DLP-10,,2025-11-03 00:48:43.446819+00
91,DLP1-PN,,2025-11-03 00:48:43.763571+00
92,DLP11-OD,,2025-11-03 00:48:44.090565+00
93,DLP11-PN,,2025-11-03 00:48:44.40776+00
94,DLP12-OD,,2025-11-03 00:48:44.731655+00
95,DLP12-PN,,2025-11-03 00:48:45.060074+00
96,DXガラスドームポート170AR,SEA&SEA,2025-11-03 00:48:45.406224+00
97,DXガラスドームポート170R,SEA&SEA,2025-11-03 00:48:45.718658+00
98,DXガラスドームポート200AR,SEA&SEA,2025-11-03 00:48:46.037736+00
99,DXドームポート150,SEA&SEA,2025-11-03 00:48:46.363555+00
100,DXドームポート210,SEA&SEA,2025-11-03 00:48:46.680403+00
101,DXドームポート210AR,SEA&SEA,2025-11-03 00:48:47.010858+00
102,DXドームポート210R,SEA&SEA,2025-11-03 00:48:47.352318+00
103,DXマクロポート15II,SEA&SEA,2025-11-03 00:48:47.686921+00
104,DXマクロポート60II,SEA&SEA,2025-11-03 00:48:48.01133+00
105,DXマクロポート90II,SEA&SEA,2025-11-03 00:48:48.329245+00
106,FLP-02P,,2025-11-03 00:48:48.657095+00
107,FLP-03P,,2025-11-03 00:48:48.970618+00
108,FLP-04,,2025-11-03 00:48:49.285796+00
109,FLP-05,,2025-11-03 00:48:49.596386+00
110,FLP-06,,2025-11-03 00:48:49.917509+00
111,FLP-07,,2025-11-03 00:48:50.230031+00
112,FLP-08,,2025-11-03 00:48:50.548442+00
113,FLP-09,,2025-11-03 00:48:50.868433+00
114,NA 100ドームポートATX107,Nauticam,2025-11-03 00:48:51.180973+00
115,NA 120/Aダウンコンバーター,Nauticam,2025-11-03 00:48:51.495454+00
116,NA 140ガラスドームポートR,Nauticam,2025-11-03 00:48:51.809702+00
117,NA 180ガラスドームポート,Nauticam,2025-11-03 00:48:52.130778+00
118,NA 180ガラスドームポートII,Nauticam,2025-11-03 00:48:52.445253+00
119,NA 200ドームポート,Nauticam,2025-11-03 00:48:52.759753+00
120,NA 200ドームポートII,Nauticam,2025-11-03 00:48:53.087553+00
121,NA 230ガラスドームポートII,Nauticam,2025-11-03 00:48:53.423936+00
122,NA 230ガラスワイドポートII,Nauticam,2025-11-03 00:48:53.742476+00
123,NA 230ドームポートII,Nauticam,2025-11-03 00:48:54.062571+00
124,NA 250ガラスワイドポートII,Nauticam,2025-11-03 00:48:54.377713+00
125,NA Laowa24mmF14MPポート-120,Nauticam,2025-11-03 00:48:54.699034+00
126,NA N120/N100フィッシュアイコンバージョンポート(FCP-1),Nauticam,2025-11-03 00:48:55.03064+00
127,NA N120/N100ワイドアングルコンバージョンポート×0.36(WACP-1B),Nauticam,2025-11-03 00:48:55.348703+00
128,NA コンパクトポート15M67,Nauticam,2025-11-03 00:48:55.666293+00
129,NA コンパクトポート30M67,Nauticam,2025-11-03 00:48:55.983217+00
130,NA コンパクトポート50M67,Nauticam,2025-11-03 00:48:56.326031+00
131,NA コンパクトワイドアングルコンバージョンポートX0.36,Nauticam,2025-11-03 00:48:56.647651+00
132,NA マクロポート N105VR,Nauticam,2025-11-03 00:48:56.973409+00
133,NA マクロポート N60G,Nauticam,2025-11-03 00:48:57.28475+00
134,NA マクロポート12,Nauticam,2025-11-03 00:48:57.606973+00
135,NA マクロポート41,Nauticam,2025-11-03 00:48:57.93549+00
136,NA マクロポート45,Nauticam,2025-11-03 00:48:58.256663+00
137,NA マクロポート6,Nauticam,2025-11-03 00:48:58.577989+00
138,NA マクロポート80,Nauticam,2025-11-03 00:48:58.953151+00
139,NA マクロポートC100IS,Nauticam,2025-11-03 00:48:59.52135+00
140,NA ワイドアングルコンバージョンポート2 X0.57,Nauticam,2025-11-03 00:48:59.826746+00
141,NAコンパクトポート15M67,,2025-11-03 00:49:00.138879+00
142,NAコンパクトポート30M67,,2025-11-03 00:49:00.451416+00
143,NAコンパクトポート50M67,,2025-11-03 00:49:00.763033+00
144,NAコンパクトワイドアングルコンバージョンポートX0.36,,2025-11-03 00:49:01.06293+00
145,NAフラットポート27BM,,2025-11-03 00:49:01.370388+00
146,NAマクロポート N105VR,,2025-11-03 00:49:01.689576+00
147,NAマクロポート N60G,,2025-11-03 00:49:01.994487+00
148,NAマクロポート12,,2025-11-03 00:49:02.301434+00
149,NAマクロポート45,,2025-11-03 00:49:02.609858+00
150,NAマクロポート6,,2025-11-03 00:49:02.920386+00
151,NAマクロポート80,,2025-11-03 00:49:03.241186+00
152,NAマクロポートC100IS,,2025-11-03 00:49:03.550315+00
153,NAワイドアングルコンバージョンポート2 X0.57,,2025-11-03 00:49:03.866712+00
154,NAワイドアングルコンバージョンポートX0.36,,2025-11-03 00:49:04.173856+00
155,オプティカルドームポートII/100L,SEA&SEA,2025-11-03 00:49:04.482513+00
156,オプティカルドームポートII/230,SEA&SEA,2025-11-03 00:49:04.802634+00
157,オプティカルドームポートII/2300,SEA&SEA,2025-11-03 00:49:05.109851+00
158,コンパクトワイドポートL,,2025-11-03 00:49:05.415291+00
225,NA N120/ワイドアングルコンバージョンポート×0.36(WACP-1B),Nauticam,2025-11-24 01:06:29.617981+00
226,NA E105Aマクロポート,Nauticam,2025-11-24 01:06:29.617981+00
227,NA E50A フラットポート,Nauticam,2025-11-24 01:06:29.617981+00
228,NA 180Aガラスドームポート,Nauticam,2025-11-24 01:06:29.617981+00
229,NA N120/フィッシュアイコンバージョンポート(FCP-1),Nauticam,2025-11-24 01:06:29.617981+00
230,NA E90ワイドポート,Nauticam,2025-11-24 01:08:53.132255+00
231,NA E45フラットポート,Nauticam,2025-11-24 01:08:53.132255+00
232,NA E150ワイドポート,Nauticam,2025-11-24 01:08:53.132255+00
233,NA EC60 マクロポート,Nauticam,2025-11-24 01:08:53.132255+00
234,NA E180 ワイドポート,Nauticam,2025-11-24 01:08:53.132255+00
235,NA EC100 ワイドポート,Nauticam,2025-11-24 01:08:53.132255+00
236,NA EC110 ドームポート,Nauticam,2025-11-24 01:08:53.132255+00
237,NA E16M67フラットポート,Nauticam,2025-11-24 01:08:53.132255+00
238,NA E110Aマクロポート,Nauticam,2025-11-24 02:54:35.848109+00
239,NA E40Aフラットポート,Nauticam,2025-11-24 02:54:35.848109+00
240,NA E32Aフラットポート,Nauticam,2025-11-24 02:54:35.848109+00
241,NA E13Aフラットポート,Nauticam,2025-11-24 02:54:35.848109+00
242,NA E35フラットポート,Nauticam,2025-11-24 02:59:58.557843+00
243,NA EO65マクロポート,Nauticam,2025-11-24 02:59:58.557843+00
244,NA E150ワイドポートMF,Nauticam,2025-11-24 02:59:58.557843+00
245,NA E2870A7IIフラットポート,Nauticam,2025-11-24 03:00:11.40305+00
246,NA E29Aフラットポート,Nauticam,2025-11-24 03:00:11.40305+00
247,NA E130ワイドポート,Nauticam,2025-11-24 03:00:18.594692+00
248,NA E56フラットポート,Nauticam,2025-11-24 03:00:18.594692+00
249,ZEN DP-170-N85オプティカルドームポート,,2025-11-24 03:00:18.594692+00
250,NA E1855フラットポート,Nauticam,2025-11-24 03:00:18.594692+00
251,ATNA 100ガラスドームポート OPD-F100NA-M1,,2025-11-24 03:00:18.594692+00
252,ATNA 100ガラスワイドポート OPD-W100NA-M1,,2025-11-24 03:00:18.594692+00
253,ZEN DP-100-N85オプティカルドームポート,,2025-11-24 03:00:18.594692+00
254,NA E29フラットポート,Nauticam,2025-11-24 03:00:18.594692+00
255,NA E24フラットポート,Nauticam,2025-11-24 03:00:18.594692+00
256,NA ワイドアングルコンバージョンポートX0.36,Nauticam,2025-11-24 03:00:18.594692+00
257,NA E140ガラスドームポート,Nauticam,2025-11-24 03:00:18.594692+00
258,NA E56マクロポートMF,Nauticam,2025-11-24 03:00:18.594692+00
259,NA N10M67フラットポート,Nauticam,2025-11-24 03:00:18.594692+00
260,ZEN DP-170-N85II オプティカルドームポート,,2025-11-24 03:00:18.594692+00
261,NA E120マクロポート,Nauticam,2025-11-24 03:00:18.594692+00
262,NA EO1250フラットポート,Nauticam,2025-11-24 03:00:18.594692+00
263,NA EP100ドームポート,Nauticam,2025-11-24 03:00:18.594692+00
264,NA E35Aワイドポート,Nauticam,2025-11-24 03:08:20.475824+00
265,NA E37Aフラットポート,Nauticam,2025-11-24 03:08:20.475824+00
266,NA E55Aフラットポート,Nauticam,2025-11-24 03:08:20.475824+00
267,NA E2870Aフラットポート,Nauticam,2025-11-24 03:08:20.475824+00
271,NA E45AフラットポートMF,Nauticam,2025-11-24 03:08:35.250211+00
272,NA E23A フラットポート,Nauticam,2025-11-24 03:08:35.373274+00
274,NA N120/NA A7Cワイドアングルコンバージョンポート×0.36(WACP-1B),Nauticam,2025-11-24 03:08:35.601726+00
275,NA N120/NA A7Cフィッシュアイコンバージョンポート(FCP-1),Nauticam,2025-11-24 03:08:35.717583+00
276,NA 250ガラスドームポートII,Nauticam,2025-11-24 03:08:35.833557+00
280,NA N120/NA A7CIIワイドアングルコンバージョンポート×0.36(WACP-1B),Nauticam,2025-11-24 03:09:24.24942+00
281,NA N120/NA A7CIIフィッシュアイコンバージョンポート(FCP-1),Nauticam,2025-11-24 03:09:24.384658+00
285,NA N120/NA A7IIフィッシュアイコンバージョンポート(FCP-1),Nauticam,2025-11-24 03:11:11.132528+00
287,NA N120/NA A7IIワイドアングルコンバージョンポート×0.36(WACP-1B),Nauticam,2025-11-24 03:11:11.347784+00
290,NA N120/NA A7IVフィッシュアイコンバージョンポート(FCP-1),Nauticam,2025-11-24 03:24:35.887101+00
292,NA N120/NA A7IVワイドアングルコンバージョンポート×0.36(WACP-1B),Nauticam,2025-11-24 03:24:36.109907+00
295,NA N120/NA A7Rフィッシュアイコンバージョンポート(FCP-1),Nauticam,2025-11-24 03:25:30.809739+00
296,NA N120/NA A7Rワイドアングルコンバージョンポート×0.36(WACP-1B),Nauticam,2025-11-24 03:25:30.943655+00
299,NA N120/NA A7RIIIフィッシュアイコンバージョンポート(FCP-1),Nauticam,2025-11-24 03:26:28.273091+00
301,NA N120/NA A7RIIIワイドアングルコンバージョンポート×0.36(WACP-1B),Nauticam,2025-11-24 03:26:28.511714+00
304,NA N120/NA A7RIVフィッシュアイコンバージョンポート(FCP-1),Nauticam,2025-11-24 03:27:17.366763+00
306,NA N120/NA A7RIVワイドアングルコンバージョンポート×0.36(WACP-1B),Nauticam,2025-11-24 03:27:17.601238+00
310,NA N120/NA A7RVワイドアングルコンバージョンポート×0.36(WACP-1B),Nauticam,2025-11-24 03:28:03.250297+00
311,NA N120/NA A7RVフィッシュアイコンバージョンポート(FCP-1),Nauticam,2025-11-24 03:28:03.385814+00
316,NA N120/NA A7SIIIワイドアングルコンバージョンポート×0.36(WACP-1B),Nauticam,2025-11-24 03:28:49.388198+00
317,NA N120/NA A7SIIIフィッシュアイコンバージョンポート(FCP-1),Nauticam,2025-11-24 03:28:49.495604+00
321,NA N120/NA A9ワイドアングルコンバージョンポート×0.36(WACP-1B),Nauticam,2025-11-24 03:29:32.529646+00
323,NA N120/NA A9フィッシュアイコンバージョンポート(FCP-1),Nauticam,2025-11-24 03:29:32.764335+00
326,NA N120/NA A9IIIワイドアングルコンバージョンポート×0.36(WACP-1B),Nauticam,2025-11-24 03:30:18.979915+00
327,NA N120/NA A9IIIフィッシュアイコンバージョンポート(FCP-1),Nauticam,2025-11-24 03:30:19.114311+00
330,NA N120/NA α1フィッシュアイコンバージョンポート(FCP-1),Nauticam,2025-11-24 03:31:05.656214+00
332,NA N120/NA α1ワイドアングルコンバージョンポート×0.36(WACP-1B),Nauticam,2025-11-24 03:31:05.890622+00
335,NA N120/NA α2020フィッシュアイコンバージョンポート(FCP-1),Nauticam,2025-11-24 03:31:51.974675+00
336,NA N120/NA α2020ワイドアングルコンバージョンポート×0.36(WACP-1B),Nauticam,2025-11-24 03:31:52.111267+00
340,NA N120/NA FX3フィッシュアイコンバージョンポート(FCP-1),Nauticam,2025-11-24 03:32:46.202551+00
341,NA N120/NA FX3ワイドアングルコンバージョンポート×0.36(WACP-1B),Nauticam,2025-11-24 03:32:46.312872+00
343,NA E100ドームポート,Nauticam,2025-11-24 03:33:40.957874+00
344,NA E40MFフラットポート,Nauticam,2025-11-24 03:33:40.957874+00
345,NA EA30マクロポート,Nauticam,2025-11-24 03:33:40.957874+00
346,NA E45FZ フラットポート,Nauticam,2025-11-24 03:33:40.957874+00
349,NA N120/NA ZVE1フィッシュアイコンバージョンポート(FCP-1),Nauticam,2025-11-24 03:34:42.136147+00
351,NA N120/NA ZVE1ワイドアングルコンバージョンポート×0.36(WACP-1B),Nauticam,2025-11-24 03:34:42.363696+00